PeopleHistoricalId,IsCopilotLicensed,Organization,FunctionType,LevelDesignation,IsManager,Team,Role,Seniority,Tenure,IsDeveloper
02995d49-90df-31cf-97ba-5c229a76711f1784160000,true,Business Unit A,Marketing,Manager,Yes,Developer Experience,Infrastructure engineering,Experienced,Under 2 years,Yes
030041c0-f398-3572-9c7e-3edf3d9d2ea31784160000,true,Business Unit B,Marketing,Manager,Yes,Identity,Application engineering,Experienced,2 to 5 years,Yes
030bb81c-acaf-3231-afd0-45578846dc061784160000,true,Business Unit C,Sales,Individual Contributor,No,Data Engineering,Other job families,Experienced,2 to 5 years,No
03258615-f0ae-3265-b5eb-490bdff3232f1784160000,true,Business Unit E,Engineering,Manager,Yes,Platform,Infrastructure engineering,Early career,2 to 5 years,Yes
0388e0d9-8d10-3b74-a111-fdac480a08251784160000,true,Business Unit A,Engineering,Individual Contributor,No,Identity,Application engineering,Senior / lead,Under 2 years,Yes
03b0bf44-cd94-31c8-a8e0-18baa15adee61784160000,true,Business Unit A,Sales,Manager,Yes,Developer Experience,Other job families,Experienced,2 to 5 years,No
03f2a73d-c392-39e9-922e-4f78b7dde2511784160000,true,Business Unit E,Engineering,Manager,Yes,Data Engineering,Application engineering,Experienced,Under 2 years,Yes
040272dc-b399-3229-ad84-d8ffd348c20b1784160000,true,Business Unit E,Sales,Individual Contributor,No,Data Engineering,Other job families,Experienced,Under 2 years,No
04f49ac6-5f35-3df9-b623-c026f24561e11784160000,true,Business Unit D,Sales,Individual Contributor,No,Mobile,Infrastructure engineering,Early career,2 to 5 years,Yes
0555042a-3841-3dc5-bc85-aea0ba8074f51784160000,true,Business Unit A,Sales,Manager,Yes,Developer Experience,Application engineering,Senior / lead,2 to 5 years,Yes
057fdb65-c9a6-3187-8665-02f02f57f5811784160000,true,Business Unit E,Finance,Individual Contributor,No,Mobile,Other job families,Senior / lead,Under 2 years,No
058405ed-a696-3d34-bfe7-c3bdbcd57ca31784160000,true,Business Unit A,Finance,Senior Manager,Yes,Developer Experience,Other job families,Senior / lead,2 to 5 years,No
0594d9cc-176f-3811-b8ff-1badba391ea11784160000,true,Business Unit A,Engineering,Manager,Yes,Identity,Infrastructure engineering,Early career,Under 2 years,Yes
06e33f1d-dda0-31b8-915e-bde6cf9b40121784160000,true,Business Unit E,Engineering,Individual Contributor,No,Mobile,Infrastructure engineering,Senior / lead,Over 5 years,Yes
071015e8-3dae-3fe5-84fb-880f246723951784160000,true,Business Unit D,Engineering,Manager,Yes,Mobile,Infrastructure engineering,Experienced,Under 2 years,Yes
0769202c-7965-32a1-8d36-1cd52b64377d1784160000,true,Business Unit B,Product,Individual Contributor,No,Payments,Infrastructure engineering,Senior / lead,Over 5 years,Yes
0834a8d5-db47-3f2b-8f52-89726cb486de1784160000,true,Business Unit B,Engineering,Individual Contributor,No,Platform,Engineering management,Early career,2 to 5 years,Yes
0a163c53-c7ae-3344-a9e2-d46f7129c9ef1784160000,true,Business Unit C,Marketing,Individual Contributor,No,Mobile,Other job families,Senior / lead,2 to 5 years,No
0ad85948-ba64-3e69-8763-6878e479e0fb1784160000,true,Business Unit E,Operations,Manager,Yes,Identity,Other job families,Senior / lead,Under 2 years,No
0bd9c8a1-cf25-3dfe-9380-6143b1183f531784160000,true,Business Unit A,Marketing,Individual Contributor,No,Developer Experience,Application engineering,Senior / lead,Under 2 years,Yes
0d06916c-fc74-37b3-8630-7f2eb8b273471784160000,false,Business Unit C,Engineering,Individual Contributor,No,Developer Experience,Infrastructure engineering,Senior / lead,Over 5 years,Yes
0d27bc97-59cd-32d0-9146-960993fea8f21784160000,true,Business Unit C,Engineering,Individual Contributor,No,Identity,Engineering management,Experienced,Over 5 years,Yes
0d66e094-d57b-3221-bdb4-ff9f2a6fa6b61784160000,true,Business Unit E,Engineering,Individual Contributor,No,Data Engineering,Infrastructure engineering,Senior / lead,2 to 5 years,Yes
0f7a9277-d005-30c0-8821-910389205cba1784160000,true,Business Unit C,Engineering,Manager,Yes,Mobile,Infrastructure engineering,Senior / lead,2 to 5 years,Yes
103be95c-0738-36fc-9aca-d07b1504909a1784160000,true,Business Unit D,Engineering,Manager,Yes,Data Engineering,Application engineering,Experienced,2 to 5 years,Yes
108e1055-4067-36ab-86d5-3ac2be2e867f1784160000,true,Business Unit E,Engineering,Manager,Yes,Platform,Application engineering,Senior / lead,Under 2 years,Yes
1094d4eb-2c4b-3c82-bb41-36696a7752891784160000,true,Business Unit D,Engineering,Individual Contributor,No,Developer Experience,Infrastructure engineering,Experienced,2 to 5 years,Yes
110fff46-fb0b-3e9a-9353-b15cf434f1b71784160000,true,Business Unit B,Finance,Senior Manager,Yes,Payments,Infrastructure engineering,Experienced,Under 2 years,Yes
1176a69b-fd42-3989-9822-360026e942a41784160000,true,Business Unit A,Product,Individual Contributor,No,Payments,Application engineering,Early career,2 to 5 years,Yes
11bffcbb-8405-32ec-99c7-3bb0231e421e1784160000,true,Business Unit E,Product,Individual Contributor,No,Mobile,Other job families,Early career,Under 2 years,No
12b66c85-8f8c-33d0-82bb-725890efa8da1784160000,true,Business Unit B,Product,Manager,Yes,Payments,Application engineering,Experienced,Under 2 years,Yes
15d19e1d-74b8-3948-867f-63a4a11885391784160000,true,Business Unit A,Engineering,Senior Manager,Yes,Payments,Application engineering,Experienced,2 to 5 years,Yes
15f19ccf-5f54-370e-914a-19ef0d6e7bfe1784160000,true,Business Unit D,Engineering,Senior Manager,Yes,Platform,Application engineering,Early career,2 to 5 years,Yes
176efb99-8d0f-325e-a3e0-daa08e8768321784160000,false,Business Unit D,Engineering,Individual Contributor,No,Payments,Infrastructure engineering,Early career,Under 2 years,Yes
177151d2-54cd-3ad2-8284-a8e0dd758c581784160000,true,Business Unit C,Marketing,Individual Contributor,No,Data Engineering,Other job families,Experienced,2 to 5 years,No
1774c4fc-7c51-3604-be66-ba525f0f55e21784160000,true,Business Unit B,Finance,Individual Contributor,No,Identity,Other job families,Senior / lead,2 to 5 years,No
17e22f9e-8fac-3a68-a9d9-33f2fec904561784160000,true,Business Unit A,Marketing,Individual Contributor,No,Identity,Other job families,Senior / lead,Under 2 years,No
17e9c47e-62ba-33a6-96e1-95ad3c636d221784160000,false,Business Unit D,Engineering,Individual Contributor,No,Developer Experience,Engineering management,Early career,2 to 5 years,Yes
18a6d5f8-3203-3934-be7c-fef235f8d5ee1784160000,true,Business Unit B,Engineering,Individual Contributor,No,Mobile,Infrastructure engineering,Early career,Under 2 years,Yes
18d39ce1-5a60-3a9e-9621-bfa693409e771784160000,true,Business Unit E,Legal,Individual Contributor,No,Payments,Application engineering,Experienced,2 to 5 years,Yes
18e57ff6-929f-3ca2-ba64-302ef04725561784160000,true,Business Unit A,Sales,Individual Contributor,No,Identity,Other job families,Experienced,Over 5 years,No
19008d6d-be6f-38f0-8a72-4525e9b980221784160000,true,Business Unit A,Engineering,Manager,Yes,Developer Experience,Application engineering,Experienced,Under 2 years,Yes
19a8d904-1f8e-3c9a-938b-b768b7119baa1784160000,true,Business Unit E,Engineering,Individual Contributor,No,Platform,Other job families,Early career,2 to 5 years,No
19fa59d6-c1b5-3e11-ba74-ad111de5584f1784160000,true,Business Unit B,Engineering,Individual Contributor,No,Payments,Infrastructure engineering,Early career,2 to 5 years,Yes
1b3fb613-cf66-3fd2-9f95-ff50109c0acd1784160000,true,Business Unit E,Engineering,Individual Contributor,No,Mobile,Infrastructure engineering,Senior / lead,2 to 5 years,Yes
1b8ddec0-0b4d-34e9-a40b-e101144894e21784160000,true,Business Unit E,Finance,Manager,Yes,Platform,Infrastructure engineering,Experienced,2 to 5 years,Yes
1bdab13f-7bc5-3e3d-81c9-f9179619fd901784160000,false,Business Unit D,Operations,Individual Contributor,No,Identity,Infrastructure engineering,Experienced,2 to 5 years,Yes
1c3f0a45-334a-3810-b02a-7ba9181fca951784160000,true,Business Unit A,Operations,Individual Contributor,No,Developer Experience,Engineering management,Senior / lead,2 to 5 years,Yes
1e77b604-3a35-382d-aef0-2546310e4c081784160000,false,Business Unit D,Engineering,Manager,Yes,Payments,Engineering management,Experienced,2 to 5 years,Yes
1eae9205-92f7-36a7-94c5-cb082b3e72111784160000,true,Business Unit D,Human Resources,Senior Manager,Yes,Platform,Infrastructure engineering,Experienced,2 to 5 years,Yes
1f7e14b9-0bb8-3674-9af2-eeacd8638c481784160000,true,Business Unit C,Engineering,Individual Contributor,No,Mobile,Application engineering,Experienced,2 to 5 years,Yes
2111daa9-5dbb-36aa-b675-efab46559d5d1784160000,false,Business Unit E,Operations,Individual Contributor,No,Payments,Infrastructure engineering,Early career,2 to 5 years,Yes
2196c199-a684-3430-bc5b-5514bc8e2e371784160000,false,Business Unit D,Operations,Manager,Yes,Developer Experience,Other job families,Senior / lead,2 to 5 years,No
21e18788-026e-37c1-9a0a-259c58a0fc501784160000,true,Business Unit E,Engineering,Individual Contributor,No,Developer Experience,Infrastructure engineering,Senior / lead,Over 5 years,Yes
221e9e1f-4d97-3377-bd33-6a1b0c96bccd1784160000,true,Business Unit B,Engineering,Individual Contributor,No,Developer Experience,Application engineering,Senior / lead,Over 5 years,Yes
226055f6-f55e-381a-9363-c4f462e588561784160000,true,Business Unit A,Marketing,Individual Contributor,No,Platform,Engineering management,Senior / lead,2 to 5 years,Yes
2269fc50-2d42-3349-9d12-3bc08569d8ae1784160000,true,Business Unit C,Engineering,Senior Manager,Yes,Platform,Application engineering,Early career,2 to 5 years,Yes
22bb31a4-b250-3135-af35-49c096e624c31784160000,false,Business Unit B,Product,Individual Contributor,No,Platform,Other job families,Senior / lead,Under 2 years,No
23085cdc-54fb-36cc-b1b5-242866ace0991784160000,true,Business Unit C,Finance,Individual Contributor,No,Identity,Infrastructure engineering,Experienced,Over 5 years,Yes
2331b8d4-3563-3b2b-8bf1-ee54a482c6091784160000,true,Business Unit D,Product,Manager,Yes,Developer Experience,Infrastructure engineering,Senior / lead,2 to 5 years,Yes
23ccc17e-364f-3f18-98b0-7b88508838451784160000,true,Business Unit C,Sales,Individual Contributor,No,Mobile,Other job families,Experienced,Over 5 years,No
2506d967-4c9d-3635-800c-3aad6a510ad21784160000,true,Business Unit E,Human Resources,Individual Contributor,No,Identity,Other job families,Senior / lead,Under 2 years,No
2559db9a-1960-37ed-8d0e-57f64168ca6e1784160000,true,Business Unit B,Operations,Individual Contributor,No,Developer Experience,Other job families,Experienced,2 to 5 years,No
25959860-e32a-30fa-9c5c-b11bcaa094261784160000,true,Business Unit B,Marketing,Individual Contributor,No,Data Engineering,Other job families,Senior / lead,Under 2 years,No
27206ebe-b6e9-3d2e-9383-c0fddea86dff1784160000,true,Business Unit A,Legal,Individual Contributor,No,Payments,Other job families,Senior / lead,2 to 5 years,No
287e6ed7-d5c4-384e-b05c-a192485120cb1784160000,true,Business Unit D,Sales,Senior Manager,Yes,Identity,Application engineering,Experienced,Over 5 years,Yes
28cba5c0-c834-3c34-900a-9d6772fd9c301784160000,true,Business Unit D,Human Resources,Individual Contributor,No,Mobile,Engineering management,Experienced,2 to 5 years,Yes
293ef1e1-de24-36d7-bbbe-72ddd220fc3b1784160000,true,Business Unit D,Marketing,Individual Contributor,No,Data Engineering,Other job families,Experienced,Under 2 years,No
29513ef6-a0f9-30aa-b2a3-e67dd9c50f2d1784160000,true,Business Unit E,Legal,Individual Contributor,No,Mobile,Infrastructure engineering,Experienced,Over 5 years,Yes
29768e10-7435-3d69-8503-a6f77e57bdcd1784160000,true,Business Unit E,Engineering,Senior Manager,Yes,Payments,Infrastructure engineering,Senior / lead,Over 5 years,Yes
2a367cc3-cd10-3636-afde-496c005f90f91784160000,true,Business Unit D,Engineering,Individual Contributor,No,Developer Experience,Engineering management,Senior / lead,2 to 5 years,Yes
2b3c346c-5f49-3232-be35-3443261527b01784160000,true,Business Unit A,Marketing,Senior Manager,Yes,Payments,Application engineering,Experienced,2 to 5 years,Yes
2bf4e90b-5fb4-3eb6-92bd-c21ab46e76391784160000,true,Business Unit C,Engineering,Manager,Yes,Mobile,Infrastructure engineering,Experienced,Over 5 years,Yes
2c484159-e286-3897-9dc9-c58ecde494a51784160000,false,Business Unit E,Product,Director,Yes,Platform,Other job families,Experienced,2 to 5 years,No
2e76675e-a56d-3d02-b097-dab2c2fef6e51784160000,true,Business Unit D,Engineering,Manager,Yes,Payments,Application engineering,Early career,Over 5 years,Yes
2f22c5f8-8d0e-3d0c-8ee0-2f241b41484c1784160000,true,Business Unit E,Human Resources,Senior Manager,Yes,Data Engineering,Other job families,Experienced,2 to 5 years,No
2fd79494-a377-3a29-a882-b11802cfee0c1784160000,true,Business Unit A,Engineering,Individual Contributor,No,Developer Experience,Infrastructure engineering,Experienced,Over 5 years,Yes
2fdf5375-31c8-3c6a-9cf3-12465dbec4a51784160000,true,Business Unit C,Product,Individual Contributor,No,Mobile,Engineering management,Senior / lead,Under 2 years,Yes
2fe9cfc5-7b82-3db6-a301-cee9e440ba851784160000,true,Business Unit A,Human Resources,Individual Contributor,No,Identity,Application engineering,Experienced,Over 5 years,Yes
323a2cac-7231-3d1b-90b0-babcb0cf55ba1784160000,true,Business Unit D,Engineering,Senior Manager,Yes,Payments,Application engineering,Experienced,2 to 5 years,Yes
32da1b1b-0d42-3b01-a03e-3891e0cc9afd1784160000,true,Business Unit E,Engineering,Individual Contributor,No,Mobile,Application engineering,Experienced,Under 2 years,Yes
33a96067-0e23-3bf3-8d10-cbec5a261a651784160000,false,Business Unit C,Engineering,Individual Contributor,No,Data Engineering,Infrastructure engineering,Experienced,Under 2 years,Yes
347433f3-c540-3542-ba94-ade15890a88f1784160000,true,Business Unit A,Engineering,Manager,Yes,Platform,Other job families,Senior / lead,Over 5 years,No
34ae6637-3cef-3be3-99a2-8c929e005a101784160000,true,Business Unit A,Finance,Director,Yes,Payments,Other job families,Senior / lead,Over 5 years,No
3615a797-2def-32a3-a0ae-3a6e8eccf0801784160000,true,Business Unit C,Marketing,Individual Contributor,No,Mobile,Infrastructure engineering,Experienced,Under 2 years,Yes
362ffe64-d2bc-3e7f-82bc-868a79cf2bec1784160000,true,Business Unit B,Marketing,Manager,Yes,Platform,Other job families,Experienced,Under 2 years,No
363a066c-58b6-3bcf-a7b0-e9729a735ba71784160000,false,Business Unit D,Operations,Individual Contributor,No,Platform,Infrastructure engineering,Early career,Under 2 years,Yes
36609ac4-6206-306e-8839-af98e2ad9c271784160000,false,Business Unit C,Engineering,Individual Contributor,No,Developer Experience,Infrastructure engineering,Experienced,2 to 5 years,Yes
36f0982a-ff58-3c66-9847-439d640e7d961784160000,false,Business Unit C,Engineering,Manager,Yes,Developer Experience,Infrastructure engineering,Experienced,2 to 5 years,Yes
37b4faa0-d736-3395-bc1f-3ea28c7ccbd51784160000,true,Business Unit C,Product,Manager,Yes,Identity,Other job families,Senior / lead,2 to 5 years,No
3980a3b0-7169-37c1-ba12-f7547a8e9e3b1784160000,true,Business Unit C,Engineering,Individual Contributor,No,Platform,Infrastructure engineering,Senior / lead,Over 5 years,Yes
3a95c147-b6b0-329f-88ad-464e73046bbe1784160000,true,Business Unit B,Engineering,Manager,Yes,Data Engineering,Engineering management,Experienced,2 to 5 years,Yes
3ab4ce54-3bfa-3a09-8624-c69a02d776321784160000,false,Business Unit E,Sales,Individual Contributor,No,Data Engineering,Application engineering,Early career,Under 2 years,Yes
3bafbf53-5c56-3b2f-87cd-7b078b10e06d1784160000,true,Business Unit E,Sales,Individual Contributor,No,Data Engineering,Other job families,Senior / lead,Under 2 years,No
3c828a67-8a44-3a18-a2db-213948c73e011784160000,true,Business Unit B,Finance,Individual Contributor,No,Data Engineering,Engineering management,Senior / lead,Under 2 years,Yes
3e7f3808-bc28-36c7-8251-a028f5ff56441784160000,true,Business Unit C,Human Resources,Individual Contributor,No,Data Engineering,Application engineering,Senior / lead,2 to 5 years,Yes
3ec4aa61-73df-37f5-af33-ac50b24f1ab51784160000,true,Business Unit E,Operations,Manager,Yes,Payments,Application engineering,Experienced,2 to 5 years,Yes
3f3adad3-22df-3188-a572-bab43c8f02581784160000,true,Business Unit C,Legal,Manager,Yes,Payments,Application engineering,Early career,2 to 5 years,Yes
3fe600f0-c808-3676-90fe-909ea8b83ca61784160000,true,Business Unit D,Engineering,Individual Contributor,No,Payments,Engineering management,Experienced,Over 5 years,Yes
405d1fc6-26f4-35ed-a3bf-4604745a47921784160000,true,Business Unit C,Finance,Individual Contributor,No,Identity,Other job families,Senior / lead,2 to 5 years,No
41219c74-897b-3ca9-87e5-43da9041ddd31784160000,false,Business Unit D,Engineering,Senior Manager,Yes,Data Engineering,Infrastructure engineering,Early career,Over 5 years,Yes
41edb9fc-6706-3a1d-94c5-93335d9fc3171784160000,false,Business Unit D,Operations,Manager,Yes,Platform,Other job families,Early career,Under 2 years,No
423348ca-0838-3372-a616-b4cda04686661784160000,true,Business Unit C,Engineering,Individual Contributor,No,Developer Experience,Infrastructure engineering,Experienced,2 to 5 years,Yes
4333cd5c-141e-38a1-af2a-a7df714feddb1784160000,true,Business Unit A,Engineering,Individual Contributor,No,Identity,Application engineering,Experienced,Over 5 years,Yes
434188a4-f9da-364f-a6dc-53072f0ec1b31784160000,true,Business Unit C,Engineering,Manager,Yes,Mobile,Application engineering,Experienced,Under 2 years,Yes
43538921-75c3-3004-917b-51c3d8e2a3a61784160000,true,Business Unit B,Engineering,Director,Yes,Data Engineering,Engineering management,Experienced,Under 2 years,Yes
43cc96db-6d25-3ad3-9163-10247bdd66bf1784160000,false,Business Unit E,Engineering,Manager,Yes,Mobile,Engineering management,Senior / lead,Under 2 years,Yes
45646b0b-1f90-30c9-a31e-8ff3ce71468c1784160000,true,Business Unit A,Human Resources,Individual Contributor,No,Developer Experience,Application engineering,Experienced,Over 5 years,Yes
458e61b5-010d-3520-8683-4ea9ccc7bf9a1784160000,true,Business Unit A,Operations,Individual Contributor,No,Payments,Application engineering,Early career,2 to 5 years,Yes
460c19ec-738f-33e2-84b8-3a300f8ee9891784160000,true,Business Unit A,Engineering,Individual Contributor,No,Data Engineering,Application engineering,Experienced,Over 5 years,Yes
460c21b1-3cfc-31cf-a50e-caa5dcdf949a1784160000,true,Business Unit D,Operations,Individual Contributor,No,Data Engineering,Infrastructure engineering,Experienced,Over 5 years,Yes
478397e7-2594-393d-861c-99bd6dbecb571784160000,false,Business Unit E,Engineering,Individual Contributor,No,Mobile,Application engineering,Experienced,2 to 5 years,Yes
48a891ca-8770-3a95-9414-af5bad034e5a1784160000,true,Business Unit C,Marketing,Individual Contributor,No,Identity,Application engineering,Early career,2 to 5 years,Yes
48d69815-2eb5-3bb9-a39b-cbe1ceb52e991784160000,false,Business Unit B,Product,Senior Manager,Yes,Identity,Application engineering,Senior / lead,2 to 5 years,Yes
49582a75-8ce1-36d5-ac0d-1a0588970a051784160000,false,Business Unit E,Product,Manager,Yes,Mobile,Other job families,Senior / lead,Under 2 years,No
4a7af055-4d5f-39bf-b0a0-3e957abd6b601784160000,true,Business Unit B,Engineering,Senior Manager,Yes,Identity,Application engineering,Experienced,Under 2 years,Yes
4b3616f0-ccf1-31e3-810e-f668c2042b231784160000,true,Business Unit E,Human Resources,Individual Contributor,No,Data Engineering,Infrastructure engineering,Experienced,Under 2 years,Yes
4b40a745-e9ad-334f-ab03-4ab6ccf8c4fb1784160000,true,Business Unit A,Engineering,Individual Contributor,No,Identity,Infrastructure engineering,Senior / lead,2 to 5 years,Yes
4c3cfc88-dcee-3be9-8489-e98fc50a00ec1784160000,true,Business Unit B,Product,Senior Manager,Yes,Payments,Other job families,Experienced,Over 5 years,No
4c8688bb-e063-39d5-af44-f884b8b1b22f1784160000,true,Business Unit D,Legal,Individual Contributor,No,Platform,Application engineering,Experienced,2 to 5 years,Yes
4c9d57d4-cc8e-3ffa-a7a2-954c71ef52351784160000,true,Business Unit B,Engineering,Senior Manager,Yes,Mobile,Application engineering,Senior / lead,Over 5 years,Yes
4ce8c773-9f58-3ba9-a031-38c10e963be01784160000,false,Business Unit E,Marketing,Individual Contributor,No,Identity,Other job families,Early career,2 to 5 years,No
4d226a71-65b8-36f4-a5fb-5d234ce302611784160000,true,Business Unit E,Engineering,Individual Contributor,No,Developer Experience,Engineering management,Experienced,Over 5 years,Yes
4d62a2a6-a8bb-3084-8568-8b0c0e6c53f91784160000,false,Business Unit A,Operations,Individual Contributor,No,Data Engineering,Application engineering,Experienced,2 to 5 years,Yes
4d843361-b5aa-3b6a-88aa-b89d091cd5231784160000,true,Business Unit C,Human Resources,Senior Manager,Yes,Developer Experience,Infrastructure engineering,Experienced,2 to 5 years,Yes
4d8e0306-9402-312c-8735-520e75542ddf1784160000,true,Business Unit A,Engineering,Individual Contributor,No,Developer Experience,Infrastructure engineering,Experienced,2 to 5 years,Yes
4f2065c7-ece7-384a-a5f8-b1eda61e63311784160000,true,Business Unit E,Engineering,Individual Contributor,No,Data Engineering,Application engineering,Experienced,Under 2 years,Yes
4f45a048-3676-300c-bec6-94d1cbbbd2b51784160000,true,Business Unit E,Marketing,Individual Contributor,No,Platform,Other job families,Senior / lead,2 to 5 years,No
4f630062-21f6-3266-9acd-c0827dbf5c051784160000,true,Business Unit C,Product,Senior Manager,Yes,Platform,Infrastructure engineering,Early career,2 to 5 years,Yes
4fbbedf8-7ea9-3ba5-8a18-f658a4f216051784160000,false,Business Unit C,Engineering,Individual Contributor,No,Developer Experience,Application engineering,Senior / lead,Under 2 years,Yes
5060be3d-9bbb-3f4e-955c-625e4390c6b71784160000,true,Business Unit E,Engineering,Individual Contributor,No,Mobile,Application engineering,Senior / lead,Under 2 years,Yes
5088caa7-e6aa-3982-abb7-99c18a8d83231784160000,true,Business Unit D,Marketing,Senior Manager,Yes,Developer Experience,Other job families,Experienced,2 to 5 years,No
509c1fe7-94b1-311d-9fd0-979b350e4d611784160000,true,Business Unit E,Engineering,Individual Contributor,No,Platform,Application engineering,Senior / lead,Under 2 years,Yes
50be9c42-1c4b-3493-a07c-ffe59fd8491c1784160000,true,Business Unit B,Engineering,Individual Contributor,No,Mobile,Infrastructure engineering,Experienced,2 to 5 years,Yes
5113b093-acec-3c38-870f-b61a2dd6b8801784160000,false,Business Unit D,Engineering,Senior Manager,Yes,Identity,Application engineering,Early career,Over 5 years,Yes
5114ffa9-76f5-3ba1-a764-aa44579d3aed1784160000,true,Business Unit E,Human Resources,Manager,Yes,Mobile,Application engineering,Experienced,2 to 5 years,Yes
516b26e5-e1f3-38f1-99e8-47092d13c38b1784160000,false,Business Unit E,Product,Individual Contributor,No,Data Engineering,Other job families,Experienced,2 to 5 years,No
52412506-0a36-3bbc-b4ff-9579aa41f9b11784160000,false,Business Unit E,Product,Individual Contributor,No,Mobile,Infrastructure engineering,Early career,Under 2 years,Yes
524da203-40d7-33a6-8ab6-b21a0cef3c581784160000,true,Business Unit E,Engineering,Individual Contributor,No,Platform,Engineering management,Senior / lead,Under 2 years,Yes
525519ab-5701-3792-8bdb-c46a264d9b631784160000,true,Business Unit B,Sales,Director,Yes,Developer Experience,Application engineering,Senior / lead,2 to 5 years,Yes
52640a3d-22e2-3399-b4f7-aeeb5f2845361784160000,true,Business Unit D,Engineering,Senior Manager,Yes,Developer Experience,Engineering management,Experienced,Under 2 years,Yes
5498a54c-7cf2-3cbb-85d5-1078aa3be4a71784160000,true,Business Unit B,Legal,Individual Contributor,No,Mobile,Application engineering,Senior / lead,2 to 5 years,Yes
54d1489e-b65c-3471-ae1a-b7f64a66433d1784160000,true,Business Unit A,Operations,Individual Contributor,No,Identity,Other job families,Early career,Under 2 years,No
54de7dbc-3f9b-3702-b677-fee85da6201d1784160000,true,Business Unit B,Sales,Individual Contributor,No,Data Engineering,Infrastructure engineering,Experienced,2 to 5 years,Yes
5502bf0e-0c7e-39c1-b3d5-9e22fb331f681784160000,false,Business Unit D,Finance,Individual Contributor,No,Mobile,Other job families,Experienced,2 to 5 years,No
553d9e1c-df1d-3dd9-b532-73327fee63311784160000,true,Business Unit C,Product,Manager,Yes,Mobile,Other job families,Early career,2 to 5 years,No
55ad8c29-20dc-320f-8c21-ac3dfd7685ea1784160000,true,Business Unit D,Engineering,Individual Contributor,No,Identity,Infrastructure engineering,Experienced,Over 5 years,Yes
55b0607e-f635-348a-bc83-f4e52515b7ec1784160000,true,Business Unit A,Engineering,Individual Contributor,No,Payments,Application engineering,Experienced,2 to 5 years,Yes
55c00e7a-6736-3176-83d1-85e14a9cc75f1784160000,true,Business Unit B,Sales,Individual Contributor,No,Mobile,Other job families,Early career,Under 2 years,No
5656dbc0-5497-3227-a829-fd8eb574450e1784160000,false,Business Unit B,Engineering,Manager,Yes,Payments,Infrastructure engineering,Experienced,Over 5 years,Yes
56ab4ff8-d4a1-314d-82eb-cc5055b8d77c1784160000,true,Business Unit B,Engineering,Individual Contributor,No,Payments,Infrastructure engineering,Early career,2 to 5 years,Yes
57437979-1053-38bc-8abf-3f9eba7ffc491784160000,true,Business Unit B,Engineering,Individual Contributor,No,Mobile,Application engineering,Early career,2 to 5 years,Yes
577fb2a5-642d-3f7e-8720-21da3c10d3d91784160000,false,Business Unit E,Engineering,Individual Contributor,No,Developer Experience,Application engineering,Early career,Under 2 years,Yes
57d3f142-33f4-308b-ae84-b183cc99db1b1784160000,false,Business Unit E,Operations,Individual Contributor,No,Payments,Application engineering,Senior / lead,Under 2 years,Yes
5802f313-39d3-3d07-a9ca-77928f6d44ae1784160000,false,Business Unit C,Finance,Manager,Yes,Data Engineering,Other job families,Early career,Under 2 years,No
585b3bc4-0239-3118-8043-fe70e5d509dc1784160000,true,Business Unit D,Sales,Individual Contributor,No,Identity,Application engineering,Senior / lead,Under 2 years,Yes
591e07f6-72df-366d-a512-d5ee900f7c151784160000,false,Business Unit D,Product,Individual Contributor,No,Mobile,Application engineering,Senior / lead,2 to 5 years,Yes
593674e0-66f0-370c-8acb-a2a3450eab9f1784160000,false,Business Unit E,Finance,Individual Contributor,No,Data Engineering,Other job families,Senior / lead,Over 5 years,No
59a3ba74-8a6d-3bac-b0c5-c986595ef8981784160000,true,Business Unit B,Finance,Individual Contributor,No,Data Engineering,Infrastructure engineering,Senior / lead,Under 2 years,Yes
5a3caea3-a6eb-3d9f-8553-ca013793121a1784160000,true,Business Unit D,Product,Individual Contributor,No,Identity,Application engineering,Early career,Under 2 years,Yes
5a91fc01-e54a-36cc-b759-44260109d8b81784160000,true,Business Unit D,Marketing,Individual Contributor,No,Identity,Infrastructure engineering,Early career,2 to 5 years,Yes
5a933c60-3604-38ba-b74f-0f100ff4a7f81784160000,false,Business Unit C,Product,Individual Contributor,No,Mobile,Other job families,Experienced,Under 2 years,No
5b4c7154-ad7e-3526-aa3c-45e89d71e7211784160000,true,Business Unit A,Engineering,Individual Contributor,No,Developer Experience,Application engineering,Early career,Under 2 years,Yes
5c89f8ab-20d5-3960-95cb-9f2927b4bb391784160000,true,Business Unit B,Sales,Manager,Yes,Payments,Other job families,Experienced,Over 5 years,No
5cb2e039-2dc8-3bad-9d23-4bfddc143afe1784160000,true,Business Unit C,Operations,Manager,Yes,Platform,Infrastructure engineering,Senior / lead,Under 2 years,Yes
5d21d7da-3e33-3ab4-99ef-3ca2c2ff2c691784160000,false,Business Unit A,Operations,Individual Contributor,No,Identity,Application engineering,Senior / lead,Under 2 years,Yes
5d6ffe35-085b-3fc0-abf7-9f02a5c4fb331784160000,false,Business Unit E,Legal,Manager,Yes,Mobile,Application engineering,Experienced,Under 2 years,Yes
5de859d5-b06b-3878-b7f0-64c4e91191df1784160000,true,Business Unit D,Engineering,Director,Yes,Mobile,Infrastructure engineering,Experienced,Over 5 years,Yes
5e3944b2-ebae-3f0f-9a92-b3fe6feac3a01784160000,false,Business Unit B,Engineering,Individual Contributor,No,Identity,Engineering management,Experienced,Over 5 years,Yes
5f76ba6d-1bf0-3e51-b2e4-3a6d19bc39b91784160000,true,Business Unit C,Engineering,Individual Contributor,No,Data Engineering,Infrastructure engineering,Early career,Under 2 years,Yes
5fa5d9c4-22b7-39f7-a3b2-d521ea60b47b1784160000,true,Business Unit A,Marketing,Individual Contributor,No,Platform,Application engineering,Experienced,2 to 5 years,Yes
6001b0b7-96fc-3fe1-aef1-329c8e2f62ce1784160000,true,Business Unit B,Engineering,Manager,Yes,Developer Experience,Application engineering,Experienced,2 to 5 years,Yes
6023f245-d541-3024-af5c-862bb7a7080e1784160000,true,Business Unit B,Marketing,Senior Manager,Yes,Identity,Other job families,Senior / lead,Under 2 years,No
617065f0-5c37-32d6-a3d6-dc223ac898b31784160000,false,Business Unit B,Finance,Individual Contributor,No,Identity,Application engineering,Early career,Under 2 years,Yes
621532c6-ec2b-3c49-a089-bc99f5432d5a1784160000,true,Business Unit A,Marketing,Manager,Yes,Payments,Other job families,Senior / lead,Over 5 years,No
6271f3a4-d7ee-32a8-83c9-c09d344192ab1784160000,false,Business Unit A,Sales,Manager,Yes,Data Engineering,Other job families,Experienced,Under 2 years,No
639a5d6e-b6cd-3a2c-94ac-89901964b47b1784160000,false,Business Unit E,Engineering,Individual Contributor,No,Data Engineering,Infrastructure engineering,Early career,Under 2 years,Yes
64b0ba20-1b28-3b6c-9ffc-402714ee02451784160000,true,Business Unit A,Marketing,Director,Yes,Identity,Application engineering,Experienced,2 to 5 years,Yes
652fc662-38d3-3ad5-b484-6b15b1ff60d91784160000,true,Business Unit D,Product,Manager,Yes,Data Engineering,Other job families,Early career,Over 5 years,No
66022adb-49a5-329b-9ab6-2ff9386d2f881784160000,true,Business Unit B,Product,Senior Manager,Yes,Data Engineering,Other job families,Experienced,Over 5 years,No
66323fa1-7d1c-3f14-b667-64a6338010891784160000,true,Business Unit D,Legal,Individual Contributor,No,Payments,Other job families,Early career,2 to 5 years,No
67039b27-800b-3a58-9a33-f99a6beae2371784160000,true,Business Unit D,Engineering,Individual Contributor,No,Data Engineering,Infrastructure engineering,Senior / lead,Over 5 years,Yes
677911e4-74ab-36e6-b2e8-9e7f977232fd1784160000,false,Business Unit A,Engineering,Individual Contributor,No,Platform,Engineering management,Experienced,Under 2 years,Yes
67aa2391-02c1-31e0-9d9f-f4b6b5f8f1f61784160000,true,Business Unit C,Operations,Senior Manager,Yes,Platform,Other job families,Senior / lead,Under 2 years,No
68b45261-85be-3d03-a069-5aa6ffe8e8ca1784160000,true,Business Unit E,Engineering,Individual Contributor,No,Payments,Application engineering,Experienced,Under 2 years,Yes
6984a8d2-01ac-327f-95e5-e2b4462ce3e31784160000,true,Business Unit B,Operations,Senior Manager,Yes,Developer Experience,Other job families,Early career,Under 2 years,No
698a9ac8-81e6-3b0e-aa91-81374d9c75f61784160000,false,Business Unit E,Product,Manager,Yes,Payments,Other job families,Senior / lead,Over 5 years,No
69c9a203-31bd-35a4-88fa-bd6f180a953c1784160000,true,Business Unit E,Product,Individual Contributor,No,Mobile,Other job families,Experienced,Over 5 years,No
6a5b5baa-1f05-3d64-a1f4-6971499443c41784160000,true,Business Unit A,Sales,Individual Contributor,No,Platform,Application engineering,Early career,Under 2 years,Yes
6a620372-f31e-349c-b6c6-0e040a3edb641784160000,true,Business Unit A,Marketing,Individual Contributor,No,Identity,Application engineering,Early career,Under 2 years,Yes
6a9b4280-9725-374a-ba61-c817563f0dc81784160000,true,Business Unit D,Human Resources,Individual Contributor,No,Mobile,Other job families,Senior / lead,Under 2 years,No
6ae217f5-b0c7-30c7-b14e-dd22229b80ba1784160000,true,Business Unit A,Operations,Individual Contributor,No,Payments,Other job families,Experienced,Under 2 years,No
6b3330d9-5d0e-3837-aa46-e24936a10db41784160000,true,Business Unit A,Engineering,Individual Contributor,No,Developer Experience,Infrastructure engineering,Senior / lead,Over 5 years,Yes
6c21f96e-4015-302f-a95a-0918b22b3ad81784160000,true,Business Unit E,Engineering,Individual Contributor,No,Developer Experience,Application engineering,Experienced,Under 2 years,Yes
6c846031-433a-341b-99fa-c015b0cb38ef1784160000,true,Business Unit A,Product,Manager,Yes,Payments,Application engineering,Senior / lead,Under 2 years,Yes
6caa45a8-6d83-3033-a787-c79085beec371784160000,false,Business Unit A,Product,Individual Contributor,No,Platform,Application engineering,Experienced,2 to 5 years,Yes
6ce89cd6-4a97-3e4a-a401-a644826171211784160000,true,Business Unit E,Operations,Individual Contributor,No,Mobile,Other job families,Experienced,Under 2 years,No
6e8a1cb9-329d-3c5e-8d21-4c46a734d1e91784160000,true,Business Unit E,Product,Individual Contributor,No,Mobile,Application engineering,Experienced,Over 5 years,Yes
6ff1e3af-80cd-3580-af93-50f7bd0850de1784160000,true,Business Unit B,Operations,Individual Contributor,No,Platform,Application engineering,Experienced,2 to 5 years,Yes
700eb34e-c559-3fcc-a5fc-ffac36a245101784160000,true,Business Unit B,Finance,Manager,Yes,Platform,Other job families,Experienced,2 to 5 years,No
701bd30e-3432-36a5-ae12-8035155114391784160000,true,Business Unit D,Sales,Individual Contributor,No,Identity,Other job families,Early career,2 to 5 years,No
7254494c-fbeb-3dc4-80ee-30c6f6c225991784160000,true,Business Unit B,Engineering,Individual Contributor,No,Payments,Application engineering,Experienced,Over 5 years,Yes
726b9bfe-95f4-3e63-97ce-3fb66f14b0691784160000,true,Business Unit A,Operations,Individual Contributor,No,Platform,Other job families,Senior / lead,Over 5 years,No
72e3323e-cebd-3aa6-a736-9022afb37e211784160000,false,Business Unit E,Product,Individual Contributor,No,Data Engineering,Infrastructure engineering,Experienced,Over 5 years,Yes
73ce2533-40dd-3735-9acc-50d98428ffb51784160000,true,Business Unit A,Sales,Manager,Yes,Data Engineering,Other job families,Experienced,Over 5 years,No
745d78f2-7f7a-3cdd-af4f-c4c3f0a18dbb1784160000,true,Business Unit A,Engineering,Individual Contributor,No,Payments,Application engineering,Experienced,Over 5 years,Yes
746adeaf-1420-3eac-8391-92cd9b01c8b91784160000,true,Business Unit E,Operations,Individual Contributor,No,Data Engineering,Application engineering,Experienced,Over 5 years,Yes
74cd4f7c-116b-3316-bf7f-eb46458694da1784160000,true,Business Unit B,Product,Manager,Yes,Payments,Engineering management,Senior / lead,2 to 5 years,Yes
7589231d-ec24-3f8f-b213-0f79989ace231784160000,false,Business Unit C,Product,Individual Contributor,No,Payments,Other job families,Experienced,Over 5 years,No
75b45819-0131-3505-a67e-213e6e87963f1784160000,false,Business Unit C,Engineering,Individual Contributor,No,Mobile,Application engineering,Senior / lead,Under 2 years,Yes
75be5782-378c-39b7-8d80-e4225331c4781784160000,true,Business Unit A,Product,Manager,Yes,Data Engineering,Application engineering,Early career,Under 2 years,Yes
75c008ab-9d95-3b45-b06c-1ba571bc78951784160000,true,Business Unit A,Engineering,Individual Contributor,No,Platform,Application engineering,Senior / lead,2 to 5 years,Yes
760b65eb-45d9-332e-bbdd-15ad2c3223bc1784160000,true,Business Unit E,Product,Senior Manager,Yes,Data Engineering,Infrastructure engineering,Experienced,2 to 5 years,Yes
76279961-fbe0-3d18-9666-6ec40e422fa41784160000,true,Business Unit B,Legal,Individual Contributor,No,Data Engineering,Other job families,Experienced,2 to 5 years,No
76441448-b6b1-3198-94b4-738254541c0e1784160000,true,Business Unit A,Marketing,Manager,Yes,Payments,Other job families,Senior / lead,Under 2 years,No
76527bc3-cd57-3bff-bc4c-58254eb122091784160000,true,Business Unit D,Finance,Manager,Yes,Identity,Other job families,Experienced,Under 2 years,No
779e581c-a821-3108-9ebe-a92f9dcfc74c1784160000,true,Business Unit E,Marketing,Individual Contributor,No,Identity,Application engineering,Senior / lead,Under 2 years,Yes
781a0729-d247-332a-a718-196cd4f0844f1784160000,false,Business Unit B,Finance,Senior Manager,Yes,Platform,Infrastructure engineering,Early career,Over 5 years,Yes
7825a025-23b9-3955-84e6-3a54c38e86e41784160000,true,Business Unit C,Engineering,Senior Manager,Yes,Data Engineering,Infrastructure engineering,Early career,2 to 5 years,Yes
79874361-3477-38db-9fbd-fc39d1713d691784160000,true,Business Unit C,Sales,Senior Manager,Yes,Platform,Infrastructure engineering,Experienced,2 to 5 years,Yes
79e14acf-882a-30b4-9f1b-b73e766abfb61784160000,true,Business Unit E,Operations,Manager,Yes,Developer Experience,Other job families,Experienced,Under 2 years,No
7a652bd5-5dff-3529-bb79-b3bb82fe0cd11784160000,true,Business Unit D,Finance,Individual Contributor,No,Payments,Other job families,Early career,Under 2 years,No
7a7af6a0-86f2-31f0-bb17-7e3d8de4ba8a1784160000,false,Business Unit E,Marketing,Individual Contributor,No,Mobile,Infrastructure engineering,Senior / lead,Over 5 years,Yes
7a81ce3b-6d3e-3961-8d22-eadf3f5ec0bc1784160000,true,Business Unit E,Marketing,Individual Contributor,No,Identity,Application engineering,Experienced,Over 5 years,Yes
7b66c5d3-fdc9-36c9-94f8-beeb2151c8ed1784160000,true,Business Unit C,Finance,Individual Contributor,No,Data Engineering,Other job families,Early career,2 to 5 years,No
7bc2c0f6-4554-3c0d-a33a-dd949088b57c1784160000,true,Business Unit A,Engineering,Manager,Yes,Platform,Application engineering,Experienced,2 to 5 years,Yes
7c23dbff-03d3-3e28-aa54-5f89602222441784160000,true,Business Unit D,Sales,Individual Contributor,No,Mobile,Application engineering,Senior / lead,2 to 5 years,Yes
7d7f03e7-fd69-31bc-84ef-4d526c70500f1784160000,true,Business Unit A,Engineering,Manager,Yes,Identity,Other job families,Senior / lead,2 to 5 years,No
7e653031-4e1b-3b62-b139-168181cfc16e1784160000,true,Business Unit A,Sales,Senior Manager,Yes,Payments,Other job families,Early career,Under 2 years,No
7f426754-4ea5-368b-9dba-da13640404551784160000,true,Business Unit A,Engineering,Individual Contributor,No,Identity,Application engineering,Experienced,Under 2 years,Yes
7fb6ff11-be82-30ff-ad1d-e44ada4f46db1784160000,false,Business Unit B,Engineering,Individual Contributor,No,Developer Experience,Application engineering,Experienced,Over 5 years,Yes
7fc14ec1-994b-3149-a5da-ecbc301167391784160000,true,Business Unit C,Engineering,Individual Contributor,No,Platform,Infrastructure engineering,Experienced,2 to 5 years,Yes
7feb497b-3ee8-39fa-9cfd-72a898f4cf471784160000,true,Business Unit D,Product,Individual Contributor,No,Mobile,Application engineering,Experienced,2 to 5 years,Yes
811e612b-5c2b-3709-9ca6-c2701930fc6f1784160000,true,Business Unit E,Finance,Individual Contributor,No,Platform,Application engineering,Experienced,Over 5 years,Yes
812c22d3-3843-3385-aa3b-aa8ae91b882a1784160000,true,Business Unit E,Finance,Individual Contributor,No,Platform,Engineering management,Early career,Under 2 years,Yes
81764ff9-1f45-3eb4-8808-37d7259d84f01784160000,true,Business Unit E,Finance,Individual Contributor,No,Identity,Other job families,Experienced,2 to 5 years,No
81e920c8-9879-3818-8272-f7289bc3315d1784160000,true,Business Unit C,Engineering,Individual Contributor,No,Mobile,Engineering management,Experienced,2 to 5 years,Yes
82a48b8e-4fa5-3f42-857c-71fbe24937aa1784160000,true,Business Unit D,Engineering,Individual Contributor,No,Data Engineering,Application engineering,Early career,Under 2 years,Yes
82b47e6e-09d7-36e6-80ab-4506629ff46b1784160000,true,Business Unit B,Product,Manager,Yes,Platform,Application engineering,Experienced,Over 5 years,Yes
82c3fd8c-b5b6-3f17-a531-ec390bebae641784160000,true,Business Unit B,Marketing,Individual Contributor,No,Mobile,Other job families,Senior / lead,Over 5 years,No
834aa49a-5a2a-30db-8385-ad60aed26cd71784160000,false,Business Unit E,Engineering,Individual Contributor,No,Data Engineering,Infrastructure engineering,Experienced,2 to 5 years,Yes
838329a7-8b32-3607-898d-b7874b54e47a1784160000,false,Business Unit B,Operations,Senior Manager,Yes,Platform,Other job families,Senior / lead,2 to 5 years,No
83ac466b-0a2c-3b9f-bc16-cc1733598dc11784160000,true,Business Unit B,Product,Individual Contributor,No,Payments,Infrastructure engineering,Senior / lead,Over 5 years,Yes
84851a10-43f1-3fc8-a358-06f529f15c331784160000,true,Business Unit A,Engineering,Individual Contributor,No,Developer Experience,Application engineering,Senior / lead,2 to 5 years,Yes
84dcbd6d-e273-316b-8912-4ed74ff8a9be1784160000,true,Business Unit A,Engineering,Individual Contributor,No,Platform,Infrastructure engineering,Experienced,2 to 5 years,Yes
84f354b1-00ae-34ba-b443-ccd2efee613c1784160000,true,Business Unit C,Product,Individual Contributor,No,Data Engineering,Application engineering,Senior / lead,2 to 5 years,Yes
85a330d7-812f-36b8-a445-d8a23c37f4ef1784160000,true,Business Unit D,Marketing,Individual Contributor,No,Developer Experience,Other job families,Experienced,Under 2 years,No
85b813b6-f891-30ae-bd5d-0ba096292cfd1784160000,true,Business Unit D,Marketing,Individual Contributor,No,Payments,Other job families,Early career,Over 5 years,No
85cb1e88-d121-35a6-a362-3cdc80917d441784160000,true,Business Unit A,Marketing,Individual Contributor,No,Identity,Application engineering,Senior / lead,Over 5 years,Yes
86a53618-ee86-3705-9b6b-f5372a406e5d1784160000,true,Business Unit C,Engineering,Individual Contributor,No,Mobile,Infrastructure engineering,Senior / lead,Under 2 years,Yes
8715b430-a9e9-3ae0-b5bb-8f5e41bf21791784160000,true,Business Unit A,Finance,Manager,Yes,Platform,Other job families,Senior / lead,2 to 5 years,No
87ab0257-a9f6-3705-89f8-f63b9b8f2b0c1784160000,false,Business Unit E,Finance,Individual Contributor,No,Developer Experience,Infrastructure engineering,Experienced,2 to 5 years,Yes
88f1a6d8-86b5-3702-89b7-f07d847841ec1784160000,false,Business Unit C,Legal,Senior Manager,Yes,Platform,Other job families,Experienced,2 to 5 years,No
8afb8326-5718-3380-b5bc-81ac27e0b7151784160000,false,Business Unit D,Product,Individual Contributor,No,Payments,Application engineering,Early career,2 to 5 years,Yes
8c272368-ac0c-3bc7-9568-cfbb26f8e7491784160000,true,Business Unit B,Engineering,Individual Contributor,No,Data Engineering,Application engineering,Experienced,Over 5 years,Yes
8c2e2c06-5c7a-359a-8e69-0efdfb7e79bb1784160000,true,Business Unit C,Product,Individual Contributor,No,Platform,Infrastructure engineering,Experienced,2 to 5 years,Yes
8c414798-333c-3663-bac9-84c120ae29fb1784160000,false,Business Unit B,Product,Individual Contributor,No,Identity,Infrastructure engineering,Experienced,2 to 5 years,Yes
8c5b1f37-b3ea-3b4a-a4dd-fad03cfd11b61784160000,true,Business Unit C,Engineering,Senior Manager,Yes,Developer Experience,Application engineering,Experienced,Under 2 years,Yes
8ca30a12-e5f4-3017-8037-1616e9ddbb5b1784160000,true,Business Unit A,Sales,Manager,Yes,Platform,Application engineering,Senior / lead,Over 5 years,Yes
8cb2a7d2-f605-3df9-981a-2c02b1d1a4e01784160000,true,Business Unit A,Operations,Senior Manager,Yes,Mobile,Engineering management,Experienced,Over 5 years,Yes
8ce3a609-9e37-3b54-a602-9b395e5f5a761784160000,true,Business Unit A,Sales,Individual Contributor,No,Data Engineering,Engineering management,Senior / lead,Under 2 years,Yes
8dc72d59-3896-3d24-a51b-3a8a9e1c67131784160000,true,Business Unit B,Legal,Individual Contributor,No,Payments,Infrastructure engineering,Senior / lead,2 to 5 years,Yes
8debe531-5c97-3c39-91ae-21507cdd52a81784160000,true,Business Unit A,Marketing,Director,Yes,Data Engineering,Infrastructure engineering,Experienced,2 to 5 years,Yes
8df88629-46eb-3200-924d-1f1c90cf78111784160000,true,Business Unit B,Operations,Manager,Yes,Mobile,Other job families,Early career,Under 2 years,No
8e914a83-9f14-3c6e-8220-79cebd75eda81784160000,true,Business Unit D,Engineering,Individual Contributor,No,Developer Experience,Application engineering,Senior / lead,Over 5 years,Yes
8ffd14e8-5578-3411-b46c-ee81c2d1a91e1784160000,false,Business Unit D,Marketing,Manager,Yes,Platform,Other job families,Experienced,Under 2 years,No
911d2093-d19c-3f31-815c-a2815fcd39011784160000,false,Business Unit D,Sales,Individual Contributor,No,Data Engineering,Application engineering,Experienced,2 to 5 years,Yes
91ebe4d4-dcf4-3428-831e-9a8818bbd7621784160000,false,Business Unit B,Engineering,Individual Contributor,No,Platform,Application engineering,Senior / lead,2 to 5 years,Yes
929f777a-b8ac-3e16-8d77-e8ac77fd282c1784160000,true,Business Unit E,Sales,Senior Manager,Yes,Payments,Engineering management,Senior / lead,2 to 5 years,Yes
92de990d-30ce-38da-ad78-86a4a56c065b1784160000,true,Business Unit C,Engineering,Senior Manager,Yes,Data Engineering,Engineering management,Experienced,Over 5 years,Yes
93084763-350e-35f7-b44a-a8feafbcfe6e1784160000,true,Business Unit D,Engineering,Individual Contributor,No,Payments,Application engineering,Early career,Under 2 years,Yes
9317e817-504a-35a4-b7c3-68e90b432c451784160000,true,Business Unit E,Engineering,Individual Contributor,No,Payments,Infrastructure engineering,Senior / lead,2 to 5 years,Yes
949ebf54-2340-343d-959a-0f34372577da1784160000,true,Business Unit E,Product,Individual Contributor,No,Platform,Engineering management,Experienced,Over 5 years,Yes
94d906ba-1749-3d00-ac41-6a394dbe80851784160000,true,Business Unit C,Operations,Senior Manager,Yes,Developer Experience,Other job families,Early career,Over 5 years,No
956008d9-c7c8-3450-a799-ccd802fc20781784160000,true,Business Unit A,Engineering,Individual Contributor,No,Mobile,Application engineering,Senior / lead,Over 5 years,Yes
95d00df6-5f1f-32fc-8c3a-9f04665c9ac71784160000,true,Business Unit D,Finance,Individual Contributor,No,Identity,Other job families,Senior / lead,Under 2 years,No
960a5c04-f3ef-340c-af8a-48e88045ac241784160000,true,Business Unit E,Engineering,Individual Contributor,No,Payments,Infrastructure engineering,Senior / lead,Over 5 years,Yes
9661bcb6-dd62-3576-b8b0-049874fff3a11784160000,false,Business Unit A,Engineering,Individual Contributor,No,Payments,Engineering management,Senior / lead,Under 2 years,Yes
96739dc1-9e37-3b11-8e79-e0a5a57062a11784160000,true,Business Unit C,Finance,Individual Contributor,No,Platform,Infrastructure engineering,Senior / lead,2 to 5 years,Yes
96be8df1-0628-3c17-acd8-50a096438ea01784160000,false,Business Unit C,Human Resources,Senior Manager,Yes,Mobile,Infrastructure engineering,Senior / lead,Over 5 years,Yes
96deeb6a-5dea-3594-a30b-09cbb1965f521784160000,true,Business Unit B,Engineering,Senior Manager,Yes,Mobile,Engineering management,Experienced,Over 5 years,Yes
9784049c-35d1-3534-8c4b-f4cea920d4ff1784160000,true,Business Unit B,Finance,Manager,Yes,Data Engineering,Engineering management,Early career,Under 2 years,Yes
98b357c6-e458-3b53-bc66-c80eb105e3cf1784160000,true,Business Unit E,Finance,Individual Contributor,No,Mobile,Infrastructure engineering,Experienced,2 to 5 years,Yes
9a736669-65a4-3b3e-a4b5-8f6ec9654a841784160000,true,Business Unit A,Engineering,Individual Contributor,No,Identity,Infrastructure engineering,Experienced,Over 5 years,Yes
9b195b8e-28d6-386e-8990-1a5bb4dd1bdb1784160000,true,Business Unit C,Human Resources,Individual Contributor,No,Data Engineering,Engineering management,Experienced,2 to 5 years,Yes
9ba853eb-6f5c-3cb7-a12d-962e66e16f571784160000,false,Business Unit C,Engineering,Manager,Yes,Platform,Application engineering,Senior / lead,Under 2 years,Yes
9bddd6f0-dd41-333e-aac7-f757b18ea2aa1784160000,true,Business Unit E,Engineering,Manager,Yes,Developer Experience,Engineering management,Experienced,Under 2 years,Yes
9bffe43c-9c3e-3c3f-947d-b83b096a53f51784160000,true,Business Unit D,Engineering,Individual Contributor,No,Platform,Engineering management,Experienced,2 to 5 years,Yes
9c2b569e-d3f4-3c78-a57e-4d73687d2dc21784160000,true,Business Unit B,Engineering,Individual Contributor,No,Mobile,Infrastructure engineering,Senior / lead,Under 2 years,Yes
9d35e9c7-555b-37b7-adda-1a942e3c36551784160000,true,Business Unit C,Engineering,Individual Contributor,No,Developer Experience,Application engineering,Early career,Over 5 years,Yes
9d4e9d75-07dc-3cf6-999a-9fb34aad51101784160000,true,Business Unit B,Marketing,Individual Contributor,No,Payments,Application engineering,Experienced,Under 2 years,Yes
9f49149d-e042-3a1f-bcae-0628143c89c01784160000,true,Business Unit B,Marketing,Manager,Yes,Data Engineering,Infrastructure engineering,Experienced,2 to 5 years,Yes
9f556308-7e5a-375c-8130-c6284c3c5d5c1784160000,true,Business Unit E,Operations,Manager,Yes,Developer Experience,Application engineering,Senior / lead,Over 5 years,Yes
a06461db-ef00-3481-9827-c829471e72451784160000,true,Business Unit C,Engineering,Manager,Yes,Identity,Engineering management,Experienced,Over 5 years,Yes
a0f95e73-3897-3dcc-9f5c-faad41b5219c1784160000,true,Business Unit D,Operations,Individual Contributor,No,Platform,Application engineering,Senior / lead,2 to 5 years,Yes
a12779cf-ff75-376e-9cb4-73e937a3c1641784160000,true,Business Unit B,Finance,Manager,Yes,Mobile,Infrastructure engineering,Experienced,Under 2 years,Yes
a167374c-1035-3668-9993-ee206522a9251784160000,true,Business Unit B,Sales,Manager,Yes,Identity,Application engineering,Experienced,2 to 5 years,Yes
a28dd92a-e0dc-31fa-8997-eba2ba2ae0dc1784160000,true,Business Unit D,Engineering,Manager,Yes,Developer Experience,Application engineering,Experienced,Over 5 years,Yes
a2c7f30a-a765-3820-af7f-dbf67c4ba83a1784160000,true,Business Unit A,Sales,Manager,Yes,Developer Experience,Application engineering,Experienced,Over 5 years,Yes
a2de86e5-02cf-3c93-9b40-f9629530b7d11784160000,true,Business Unit A,Human Resources,Senior Manager,Yes,Data Engineering,Application engineering,Experienced,2 to 5 years,Yes
a3f48154-490b-350b-9f4e-74835b5aaaae1784160000,true,Business Unit A,Engineering,Individual Contributor,No,Data Engineering,Engineering management,Experienced,2 to 5 years,Yes
a4897e9b-7fc7-3e17-9b47-a254a0b85f271784160000,true,Business Unit B,Engineering,Individual Contributor,No,Data Engineering,Infrastructure engineering,Early career,Over 5 years,Yes
a4995fad-c53f-301a-a27a-09352f8294ad1784160000,false,Business Unit A,Sales,Individual Contributor,No,Platform,Other job families,Experienced,Under 2 years,No
a5068583-4849-35ce-900f-e2ce7f3098401784160000,true,Business Unit A,Engineering,Individual Contributor,No,Data Engineering,Infrastructure engineering,Experienced,Under 2 years,Yes
a513bb7e-87ac-35cd-b4a2-6d23427bd2fa1784160000,true,Business Unit A,Engineering,Individual Contributor,No,Identity,Application engineering,Early career,Under 2 years,Yes
a5dabd0e-e3a9-3cae-9a94-509f35ac82351784160000,false,Business Unit D,Legal,Individual Contributor,No,Data Engineering,Other job families,Early career,Under 2 years,No
a67cec0f-eda0-3d47-af0e-2bd3262a8cf91784160000,false,Business Unit D,Sales,Manager,Yes,Identity,Application engineering,Experienced,Under 2 years,Yes
a6f28fd3-5ab4-3e3e-9501-1e627e8cef981784160000,true,Business Unit D,Product,Individual Contributor,No,Data Engineering,Other job families,Experienced,Under 2 years,No
a7620434-80fb-3dc9-87cf-a93d5a60f2121784160000,false,Business Unit C,Legal,Manager,Yes,Developer Experience,Other job families,Early career,Over 5 years,No
a8d7fd17-4556-3ba6-8223-e88d8ead8fb01784160000,true,Business Unit E,Engineering,Individual Contributor,No,Payments,Engineering management,Early career,Under 2 years,Yes
a8e332b8-087a-38b0-8c1b-64db4efadc7a1784160000,false,Business Unit C,Engineering,Individual Contributor,No,Payments,Engineering management,Senior / lead,2 to 5 years,Yes
a96a11ac-c839-3a7d-8ca2-dd65ad9063161784160000,true,Business Unit D,Marketing,Manager,Yes,Platform,Application engineering,Experienced,2 to 5 years,Yes
a9b75c6d-2d40-357e-8826-df87fa3462ac1784160000,false,Business Unit C,Human Resources,Individual Contributor,No,Data Engineering,Other job families,Senior / lead,Under 2 years,No
aa6abf91-dae5-3992-8bc0-b63f1757fcd01784160000,true,Business Unit E,Product,Individual Contributor,No,Developer Experience,Engineering management,Experienced,Over 5 years,Yes
ab0c7a3d-b6a3-3c71-a9f6-6f5167fbf2d91784160000,true,Business Unit A,Sales,Individual Contributor,No,Platform,Infrastructure engineering,Experienced,2 to 5 years,Yes
ab5f37ff-9008-3c2a-a32b-c29632f4ea671784160000,true,Business Unit E,Engineering,Individual Contributor,No,Platform,Application engineering,Senior / lead,Under 2 years,Yes
ac429fef-9e6b-3e26-a5ea-3122c166230c1784160000,true,Business Unit E,Human Resources,Individual Contributor,No,Developer Experience,Infrastructure engineering,Early career,2 to 5 years,Yes
acadf00f-5359-3905-a13e-213d751bffb21784160000,false,Business Unit C,Engineering,Individual Contributor,No,Identity,Engineering management,Senior / lead,Over 5 years,Yes
ad759908-6038-3c75-a6b2-7fd42a8a03f71784160000,true,Business Unit A,Human Resources,Individual Contributor,No,Platform,Infrastructure engineering,Senior / lead,2 to 5 years,Yes
adbdc2d9-c7fd-3db5-a521-6aff752d30c21784160000,true,Business Unit A,Operations,Director,Yes,Payments,Other job families,Early career,Under 2 years,No
add8be42-d704-33cc-9b46-3f4495b0567b1784160000,true,Business Unit E,Engineering,Individual Contributor,No,Mobile,Application engineering,Experienced,Under 2 years,Yes
ae5f3d2e-f527-359d-8bcf-846f320f8e571784160000,true,Business Unit D,Sales,Individual Contributor,No,Payments,Engineering management,Experienced,Under 2 years,Yes
af0988e9-6382-33ca-b892-172fe85140981784160000,true,Business Unit A,Human Resources,Manager,Yes,Identity,Other job families,Early career,Over 5 years,No
af15418c-707a-3e54-a465-034a3b570a961784160000,true,Business Unit B,Engineering,Manager,Yes,Identity,Application engineering,Senior / lead,Over 5 years,Yes
af753398-35e3-3c49-a7bb-31e2830197f31784160000,true,Business Unit D,Operations,Senior Manager,Yes,Platform,Infrastructure engineering,Senior / lead,Under 2 years,Yes
af8385d3-26a2-37af-a11f-d340427e6c791784160000,true,Business Unit B,Engineering,Individual Contributor,No,Identity,Infrastructure engineering,Senior / lead,2 to 5 years,Yes
b08b0516-052f-31ca-baee-415f1e9f6c1d1784160000,true,Business Unit B,Engineering,Individual Contributor,No,Payments,Infrastructure engineering,Experienced,Over 5 years,Yes
b095775a-2d08-336f-bccf-d2f71dc4ba3c1784160000,true,Business Unit B,Engineering,Individual Contributor,No,Developer Experience,Application engineering,Experienced,Under 2 years,Yes
b1d22b60-1492-37de-a246-db25e91bfb1f1784160000,true,Business Unit A,Human Resources,Manager,Yes,Mobile,Engineering management,Early career,Under 2 years,Yes
b1eab4a4-e53e-3d1c-a742-cb4d07a7dd861784160000,false,Business Unit D,Sales,Manager,Yes,Identity,Other job families,Experienced,2 to 5 years,No
b20c7e06-4ac3-32d4-be1f-8d8ca043e1241784160000,true,Business Unit D,Product,Director,Yes,Mobile,Engineering management,Early career,Under 2 years,Yes
b2f1ace7-d0c5-3276-a247-cc76aa38c3001784160000,false,Business Unit A,Sales,Individual Contributor,No,Developer Experience,Other job families,Early career,Over 5 years,No
b32150f1-1acd-3990-ad31-f63fed66b1cf1784160000,true,Business Unit D,Engineering,Individual Contributor,No,Identity,Application engineering,Experienced,Over 5 years,Yes
b516e127-e0a8-3444-a387-7ee0a83c20291784160000,true,Business Unit D,Engineering,Manager,Yes,Identity,Application engineering,Experienced,2 to 5 years,Yes
b5344373-538f-3f37-8982-c97e3158144a1784160000,true,Business Unit A,Sales,Manager,Yes,Mobile,Infrastructure engineering,Senior / lead,2 to 5 years,Yes
b5709237-397b-3941-956e-9aae6c3073df1784160000,false,Business Unit E,Sales,Individual Contributor,No,Data Engineering,Application engineering,Experienced,2 to 5 years,Yes
b571b5d8-c91f-3776-86bd-22c88c5580c21784160000,true,Business Unit B,Engineering,Manager,Yes,Mobile,Application engineering,Early career,Under 2 years,Yes
b5b7bbb0-1312-34a4-8934-10fe49cea8ed1784160000,true,Business Unit D,Product,Individual Contributor,No,Payments,Infrastructure engineering,Experienced,2 to 5 years,Yes
b769e443-cb95-3d9e-92aa-dbd769bf33d41784160000,true,Business Unit B,Marketing,Senior Manager,Yes,Platform,Other job families,Early career,Under 2 years,No
b7f8d590-1a7d-3745-82cc-9e0c966c63061784160000,true,Business Unit B,Engineering,Individual Contributor,No,Identity,Infrastructure engineering,Experienced,Over 5 years,Yes
b8587185-2c84-31de-88cc-fe6d3eacc72b1784160000,true,Business Unit B,Engineering,Senior Manager,Yes,Identity,Application engineering,Early career,Under 2 years,Yes
b8f4e1f7-b9b6-3b4b-9df0-01bad89fc5521784160000,false,Business Unit A,Legal,Individual Contributor,No,Data Engineering,Other job families,Experienced,2 to 5 years,No
b936b500-8069-3329-8f53-ba6b7cae75231784160000,false,Business Unit A,Engineering,Senior Manager,Yes,Developer Experience,Infrastructure engineering,Experienced,Under 2 years,Yes
b99742c8-7da0-3e81-ab3c-eb775e9f5d241784160000,false,Business Unit E,Finance,Individual Contributor,No,Developer Experience,Application engineering,Early career,Under 2 years,Yes
b9f874e5-bbd8-332a-9f2e-a024bb815cf91784160000,true,Business Unit B,Engineering,Individual Contributor,No,Payments,Application engineering,Early career,2 to 5 years,Yes
ba28c6f4-7cc7-3ec8-a195-01c61aa155b61784160000,true,Business Unit B,Human Resources,Individual Contributor,No,Payments,Other job families,Experienced,Over 5 years,No
bb1412c6-3acf-308d-9522-f4212d23509b1784160000,false,Business Unit D,Finance,Individual Contributor,No,Identity,Other job families,Early career,Under 2 years,No
bce50849-a0e7-3f2b-b22a-24ed604407051784160000,true,Business Unit A,Engineering,Individual Contributor,No,Platform,Application engineering,Senior / lead,Under 2 years,Yes
bde82a06-b2ee-3309-b4b0-d268a38e4c2c1784160000,false,Business Unit A,Operations,Individual Contributor,No,Data Engineering,Application engineering,Experienced,2 to 5 years,Yes
be6232fb-011f-3991-882f-8e238234a9d11784160000,true,Business Unit C,Engineering,Senior Manager,Yes,Payments,Application engineering,Experienced,Under 2 years,Yes
beac6842-6d1c-39f8-bd3d-f2cbddfe2e231784160000,true,Business Unit C,Human Resources,Senior Manager,Yes,Payments,Application engineering,Senior / lead,Over 5 years,Yes
beb1d1c6-4fa9-36a8-a06f-1dc58ab741611784160000,true,Business Unit C,Operations,Individual Contributor,No,Platform,Application engineering,Early career,Under 2 years,Yes
bf3ce861-259b-3e12-9e88-15fd2d3036fe1784160000,true,Business Unit C,Product,Manager,Yes,Payments,Infrastructure engineering,Early career,Under 2 years,Yes
bf5e2c07-ebd1-3aab-ae92-933140999b061784160000,false,Business Unit B,Engineering,Individual Contributor,No,Mobile,Application engineering,Senior / lead,Under 2 years,Yes
bfcf20fb-7815-332b-866f-4833dfb11fcc1784160000,true,Business Unit D,Operations,Manager,Yes,Identity,Engineering management,Experienced,Under 2 years,Yes
c039e4c8-9c3b-3ae3-a2e7-b54c85d2cac71784160000,true,Business Unit A,Product,Manager,Yes,Identity,Application engineering,Experienced,Over 5 years,Yes
c06983fe-dcb4-380f-9186-6a3ca79fd3781784160000,true,Business Unit B,Human Resources,Manager,Yes,Mobile,Other job families,Experienced,2 to 5 years,No
c0f8ab9f-4b7b-3f4f-b576-f80ad3cb53991784160000,true,Business Unit D,Operations,Individual Contributor,No,Payments,Application engineering,Experienced,2 to 5 years,Yes
c10aa2a4-9710-3c19-a603-5595b72143571784160000,true,Business Unit B,Engineering,Individual Contributor,No,Platform,Infrastructure engineering,Senior / lead,Under 2 years,Yes
c28d006e-f496-3663-8af9-cae2c8d7f9371784160000,true,Business Unit C,Engineering,Senior Manager,Yes,Identity,Application engineering,Early career,2 to 5 years,Yes
c3811eff-eb0f-3e83-943e-18b5d09919e41784160000,false,Business Unit E,Engineering,Individual Contributor,No,Payments,Application engineering,Early career,2 to 5 years,Yes
c3f4e978-22c4-3743-a4d7-8dc20df216541784160000,true,Business Unit B,Operations,Manager,Yes,Mobile,Application engineering,Early career,2 to 5 years,Yes
c41f2431-16c5-3799-9be8-561415389d5f1784160000,true,Business Unit B,Marketing,Individual Contributor,No,Mobile,Application engineering,Senior / lead,2 to 5 years,Yes
c43e070b-757f-3ed6-ac43-9a5ebc276bce1784160000,true,Business Unit A,Finance,Individual Contributor,No,Platform,Other job families,Experienced,2 to 5 years,No
c4b4c934-c94d-3170-bd1b-d7737b2ab4901784160000,true,Business Unit D,Product,Individual Contributor,No,Platform,Infrastructure engineering,Experienced,Over 5 years,Yes
c4ec5436-0c6f-389c-b83d-e1f34b4089461784160000,true,Business Unit C,Product,Individual Contributor,No,Platform,Infrastructure engineering,Experienced,2 to 5 years,Yes
c5ad4f60-58c0-31cd-adea-8e741fec0b8b1784160000,true,Business Unit A,Engineering,Individual Contributor,No,Data Engineering,Application engineering,Experienced,Under 2 years,Yes
c5d99ee1-3f38-329b-a1ad-346d8fb53a181784160000,true,Business Unit B,Operations,Individual Contributor,No,Identity,Other job families,Experienced,2 to 5 years,No
c6c1b9c0-072d-3dbf-accc-4c8643cc0c4a1784160000,true,Business Unit C,Engineering,Senior Manager,Yes,Payments,Infrastructure engineering,Early career,2 to 5 years,Yes
c7599875-d64e-3ef2-8a6a-a218c4c24bfa1784160000,true,Business Unit B,Engineering,Individual Contributor,No,Mobile,Engineering management,Senior / lead,Under 2 years,Yes
c759ab27-513f-3be4-abc9-4fdf58a51f901784160000,true,Business Unit D,Engineering,Manager,Yes,Developer Experience,Application engineering,Senior / lead,Under 2 years,Yes
c7daa3b9-acda-3bf0-982a-81f9b973d35a1784160000,false,Business Unit D,Engineering,Senior Manager,Yes,Mobile,Application engineering,Experienced,Under 2 years,Yes
c822da7e-5c87-391a-9bd0-9180e6eec5411784160000,true,Business Unit D,Engineering,Manager,Yes,Mobile,Application engineering,Experienced,Over 5 years,Yes
c8c964e3-6f43-33e9-8a11-e9eaf55933ba1784160000,true,Business Unit E,Engineering,Individual Contributor,No,Identity,Engineering management,Experienced,Over 5 years,Yes
c94b6182-3fff-3c57-8077-844432bfec8a1784160000,true,Business Unit D,Legal,Individual Contributor,No,Identity,Application engineering,Experienced,Under 2 years,Yes
caacaf00-76dc-3d35-955a-b0b7289c14971784160000,true,Business Unit A,Product,Manager,Yes,Developer Experience,Infrastructure engineering,Senior / lead,Under 2 years,Yes
cb325cd8-f517-3d5e-a522-bfc0a4cd95511784160000,false,Business Unit E,Sales,Senior Manager,Yes,Developer Experience,Application engineering,Experienced,Over 5 years,Yes
cb497e96-cc28-3cd8-b571-73e855450ffa1784160000,true,Business Unit E,Product,Senior Manager,Yes,Mobile,Other job families,Experienced,2 to 5 years,No
cbca08c7-111d-3e0d-901e-db75d66b02ca1784160000,true,Business Unit A,Engineering,Manager,Yes,Data Engineering,Infrastructure engineering,Senior / lead,Under 2 years,Yes
ccb7be54-d0d0-357e-b1c5-47fa8c23f5491784160000,true,Business Unit B,Engineering,Individual Contributor,No,Payments,Infrastructure engineering,Experienced,2 to 5 years,Yes
cce1c127-2ff8-3ea0-a9b8-2df2cd888b5b1784160000,true,Business Unit A,Engineering,Individual Contributor,No,Platform,Application engineering,Early career,Over 5 years,Yes
cd0ccc2f-db9f-3a45-ba30-de8f65de020a1784160000,true,Business Unit E,Engineering,Individual Contributor,No,Mobile,Infrastructure engineering,Experienced,2 to 5 years,Yes
cda9743a-3fd9-34bb-a798-0b998f43bd491784160000,true,Business Unit C,Engineering,Director,Yes,Platform,Engineering management,Senior / lead,Over 5 years,Yes
cdcbe271-7336-35c3-a44f-1a90281b08571784160000,true,Business Unit E,Engineering,Individual Contributor,No,Payments,Application engineering,Experienced,2 to 5 years,Yes
ce7a22b8-f3c0-3690-acac-8b5a7bf4c7981784160000,true,Business Unit D,Engineering,Individual Contributor,No,Data Engineering,Infrastructure engineering,Senior / lead,2 to 5 years,Yes
cecfcbcc-77a8-37e8-9f55-f57834a00b361784160000,true,Business Unit C,Engineering,Individual Contributor,No,Identity,Application engineering,Senior / lead,Over 5 years,Yes
cf27b977-c8ad-3737-8228-b9db857674151784160000,true,Business Unit B,Product,Director,Yes,Payments,Infrastructure engineering,Early career,Under 2 years,Yes
cfedbc3e-6e0a-3ae8-844a-2d04b13314ea1784160000,true,Business Unit B,Human Resources,Manager,Yes,Data Engineering,Other job families,Experienced,2 to 5 years,No
d098b8be-5fd2-3aaf-b08a-03443b43e4131784160000,true,Business Unit B,Engineering,Individual Contributor,No,Data Engineering,Infrastructure engineering,Senior / lead,Over 5 years,Yes
d0d4b259-ec1f-3b6a-8049-3806591baaaa1784160000,true,Business Unit C,Engineering,Individual Contributor,No,Identity,Application engineering,Early career,2 to 5 years,Yes
d16b7d90-92be-3869-95a7-7d511669811b1784160000,true,Business Unit C,Engineering,Individual Contributor,No,Data Engineering,Application engineering,Experienced,2 to 5 years,Yes
d2c9e61a-8ad6-38ee-966a-873a5234ba701784160000,true,Business Unit A,Marketing,Senior Manager,Yes,Identity,Other job families,Experienced,Under 2 years,No
d2f0b459-263b-3ba2-acc2-9a0dacc1fe681784160000,true,Business Unit A,Operations,Individual Contributor,No,Payments,Application engineering,Experienced,Under 2 years,Yes
d3166062-4df8-385d-94b7-ac72685ffa931784160000,true,Business Unit C,Human Resources,Individual Contributor,No,Mobile,Other job families,Senior / lead,Under 2 years,No
d320f92f-4cc3-395c-b6c7-3cb3c7cb3efe1784160000,true,Business Unit B,Finance,Individual Contributor,No,Identity,Application engineering,Senior / lead,Over 5 years,Yes
d3c48311-d8dc-3e24-95dd-6d2bca767bff1784160000,true,Business Unit B,Product,Individual Contributor,No,Payments,Application engineering,Senior / lead,Over 5 years,Yes
d3d0b6a8-f422-3af5-a62e-826c204950951784160000,true,Business Unit C,Legal,Manager,Yes,Identity,Application engineering,Early career,Over 5 years,Yes
d440f614-e622-3174-b725-b38725483cde1784160000,true,Business Unit B,Product,Individual Contributor,No,Payments,Infrastructure engineering,Experienced,2 to 5 years,Yes
d5b83974-0d58-3b50-a431-a5e76d5087dc1784160000,true,Business Unit C,Sales,Individual Contributor,No,Data Engineering,Other job families,Early career,2 to 5 years,No
d6f76560-f2a1-3ae9-ab43-eaa1f20333061784160000,false,Business Unit D,Engineering,Senior Manager,Yes,Payments,Application engineering,Early career,Under 2 years,Yes
d72106c4-021a-3b57-bf48-7b6f2c14df231784160000,true,Business Unit D,Engineering,Individual Contributor,No,Mobile,Infrastructure engineering,Experienced,2 to 5 years,Yes
d76f0b24-1370-3b6f-81fa-de61d93e7ebe1784160000,true,Business Unit C,Human Resources,Individual Contributor,No,Data Engineering,Application engineering,Experienced,Over 5 years,Yes
d834b72d-c2cc-391e-8a0c-c3f147eeb5221784160000,false,Business Unit C,Product,Individual Contributor,No,Developer Experience,Engineering management,Experienced,2 to 5 years,Yes
d85f6c3e-620f-3cc3-9005-9e1beefefdc61784160000,true,Business Unit A,Operations,Individual Contributor,No,Data Engineering,Infrastructure engineering,Senior / lead,Under 2 years,Yes
d86225ec-57c8-3039-9b73-5067e96685171784160000,true,Business Unit B,Engineering,Individual Contributor,No,Developer Experience,Application engineering,Senior / lead,2 to 5 years,Yes
d87769d0-ee92-3610-a3aa-b2333a1b32781784160000,true,Business Unit B,Engineering,Individual Contributor,No,Platform,Application engineering,Experienced,Over 5 years,Yes
d940c628-4e61-3954-9aee-1aa0a0b6e21f1784160000,true,Business Unit B,Product,Manager,Yes,Identity,Application engineering,Senior / lead,Over 5 years,Yes
da8b7ad5-701e-38e4-af53-bcb52836386c1784160000,true,Business Unit C,Product,Individual Contributor,No,Developer Experience,Application engineering,Experienced,2 to 5 years,Yes
dc4749cb-f430-37e1-8dd2-e07397cf6baf1784160000,true,Business Unit A,Product,Individual Contributor,No,Developer Experience,Other job families,Experienced,Under 2 years,No
de0bc8c0-4447-382c-b7c7-ce385510a49b1784160000,true,Business Unit A,Sales,Individual Contributor,No,Payments,Infrastructure engineering,Senior / lead,Over 5 years,Yes
de2eea77-ddd1-3021-8319-ecef4e738aae1784160000,true,Business Unit E,Product,Individual Contributor,No,Platform,Other job families,Experienced,2 to 5 years,No
deb966b3-92f7-329d-905e-7f1df6d16ae71784160000,true,Business Unit C,Engineering,Senior Manager,Yes,Developer Experience,Infrastructure engineering,Experienced,2 to 5 years,Yes
debb6de9-800a-3171-a17b-3b090d351aa81784160000,false,Business Unit B,Operations,Manager,Yes,Identity,Other job families,Senior / lead,Under 2 years,No
decf1837-dbcc-3652-aa2f-b802997893f91784160000,true,Business Unit A,Engineering,Individual Contributor,No,Data Engineering,Engineering management,Early career,2 to 5 years,Yes
dee4128a-2091-303c-8411-15401a64ec031784160000,true,Business Unit D,Human Resources,Manager,Yes,Developer Experience,Application engineering,Early career,Under 2 years,Yes
df463d1f-ce5e-3590-b108-91223c8944a91784160000,false,Business Unit B,Sales,Individual Contributor,No,Payments,Other job families,Early career,Under 2 years,No
df67f363-d186-3899-9341-ca1c650419d11784160000,true,Business Unit D,Engineering,Senior Manager,Yes,Data Engineering,Infrastructure engineering,Early career,2 to 5 years,Yes
dfc70541-9d37-355c-af06-9bf106459cdb1784160000,true,Business Unit B,Sales,Director,Yes,Data Engineering,Infrastructure engineering,Early career,2 to 5 years,Yes
dfe88e46-3f0b-3bdd-bb8b-d7190cc275821784160000,true,Business Unit A,Engineering,Individual Contributor,No,Developer Experience,Application engineering,Early career,Over 5 years,Yes
e059f4f2-66b1-346c-8a33-8c16446a86571784160000,true,Business Unit D,Engineering,Individual Contributor,No,Data Engineering,Engineering management,Early career,Over 5 years,Yes
e0ab7ac6-23e5-3ce5-aef4-d9e2e575bb7a1784160000,true,Business Unit C,Engineering,Individual Contributor,No,Platform,Engineering management,Experienced,Under 2 years,Yes
e0b0a42f-4976-3c26-933c-1928cf147af51784160000,true,Business Unit E,Sales,Individual Contributor,No,Mobile,Other job families,Early career,Over 5 years,No
e1cc6b6d-fb31-33a3-a2d8-fe2e497b83231784160000,true,Business Unit D,Product,Senior Manager,Yes,Developer Experience,Infrastructure engineering,Early career,Over 5 years,Yes
e1ec776a-9a69-3e5d-a0c5-33a9250b1f191784160000,true,Business Unit E,Engineering,Individual Contributor,No,Data Engineering,Application engineering,Experienced,2 to 5 years,Yes
e2762d35-02bf-3212-869f-c8b0e7be182b1784160000,true,Business Unit C,Engineering,Senior Manager,Yes,Payments,Application engineering,Senior / lead,Under 2 years,Yes
e2dcabc4-67cd-3764-b9eb-3122424f04151784160000,true,Business Unit B,Human Resources,Manager,Yes,Payments,Other job families,Experienced,2 to 5 years,No
e402d019-6155-3bff-9228-4911ea4467771784160000,false,Business Unit A,Engineering,Individual Contributor,No,Identity,Application engineering,Early career,Over 5 years,Yes
e41ed1fc-302f-351c-8dbd-1ccac5078a091784160000,true,Business Unit A,Engineering,Individual Contributor,No,Platform,Application engineering,Experienced,Under 2 years,Yes
e43ff193-684d-3f5c-9585-d745291fdb971784160000,true,Business Unit A,Operations,Individual Contributor,No,Identity,Other job families,Senior / lead,Over 5 years,No
e6647a27-162c-349c-88fa-73edee1ad2521784160000,true,Business Unit D,Engineering,Director,Yes,Identity,Infrastructure engineering,Experienced,Over 5 years,Yes
e69f5e43-374e-3577-a194-03eca473eb861784160000,true,Business Unit C,Finance,Manager,Yes,Platform,Infrastructure engineering,Experienced,2 to 5 years,Yes
e6a4f012-2129-36d0-bf2f-6e3c384f54971784160000,true,Business Unit A,Human Resources,Manager,Yes,Developer Experience,Engineering management,Early career,Under 2 years,Yes
e6b29782-344e-3984-b0ed-db13cbc9c0ed1784160000,true,Business Unit D,Sales,Individual Contributor,No,Data Engineering,Other job families,Experienced,2 to 5 years,No
e7002001-a871-37ed-bc61-a739692845e21784160000,true,Business Unit B,Human Resources,Senior Manager,Yes,Data Engineering,Other job families,Early career,Under 2 years,No
e71fe34e-9aa5-3ade-8054-a639af5233731784160000,false,Business Unit C,Operations,Manager,Yes,Mobile,Application engineering,Early career,2 to 5 years,Yes
e76bb8c7-e2ca-3a2e-96b4-7d3717dfbe061784160000,true,Business Unit B,Engineering,Individual Contributor,No,Platform,Application engineering,Senior / lead,Under 2 years,Yes
e771712f-e46e-3fe0-9c31-ca16add7da331784160000,true,Business Unit C,Sales,Individual Contributor,No,Mobile,Other job families,Early career,2 to 5 years,No
e7a1b627-d027-3652-91aa-1a1bcaaed3351784160000,true,Business Unit A,Finance,Individual Contributor,No,Platform,Other job families,Senior / lead,Under 2 years,No
e83f5cbe-8539-3cbd-b749-7896bd48c47e1784160000,true,Business Unit C,Sales,Individual Contributor,No,Developer Experience,Application engineering,Early career,Under 2 years,Yes
e87b313c-9bef-3ede-ad30-ecae0f8e3a021784160000,true,Business Unit D,Engineering,Director,Yes,Developer Experience,Infrastructure engineering,Senior / lead,Under 2 years,Yes
e91fcfab-7cdf-31df-8933-e788688d82881784160000,true,Business Unit E,Human Resources,Manager,Yes,Data Engineering,Infrastructure engineering,Experienced,Under 2 years,Yes
ea133f80-908c-3a40-af86-f0745e517fd21784160000,true,Business Unit E,Engineering,Individual Contributor,No,Data Engineering,Engineering management,Experienced,2 to 5 years,Yes
ea2319a1-87a9-39c7-978a-6318287115691784160000,true,Business Unit C,Engineering,Individual Contributor,No,Platform,Infrastructure engineering,Senior / lead,Under 2 years,Yes
ea326c72-2ef2-3b5f-8d50-d3dcecd373991784160000,true,Business Unit E,Engineering,Senior Manager,Yes,Data Engineering,Infrastructure engineering,Experienced,2 to 5 years,Yes
ebbf605d-a94c-3f16-9ae0-5449c87f40021784160000,true,Business Unit B,Operations,Individual Contributor,No,Developer Experience,Infrastructure engineering,Early career,Over 5 years,Yes
ecbf54c7-adde-3e58-a46f-3964e63abf751784160000,true,Business Unit E,Marketing,Individual Contributor,No,Identity,Other job families,Senior / lead,2 to 5 years,No
ecf23602-f53c-32df-b3c7-50c68e2d20951784160000,true,Business Unit A,Finance,Individual Contributor,No,Data Engineering,Other job families,Experienced,Over 5 years,No
ed0a8ed8-2282-3fec-82db-fafd297cdb611784160000,true,Business Unit D,Engineering,Manager,Yes,Data Engineering,Application engineering,Early career,2 to 5 years,Yes
ee050ecd-57ea-3832-a38e-ae414aa09dc31784160000,true,Business Unit E,Engineering,Director,Yes,Identity,Infrastructure engineering,Early career,Over 5 years,Yes
eeaba3bd-0e65-3eff-80b8-bb415d1cdc891784160000,true,Business Unit E,Operations,Individual Contributor,No,Developer Experience,Infrastructure engineering,Experienced,Under 2 years,Yes
eed2ebc1-be51-3590-b59c-000c6526614f1784160000,false,Business Unit B,Product,Individual Contributor,No,Payments,Infrastructure engineering,Senior / lead,Over 5 years,Yes
eedf529f-5a2b-3af3-8849-028191ece9841784160000,true,Business Unit C,Engineering,Individual Contributor,No,Identity,Application engineering,Senior / lead,Under 2 years,Yes
f00a9c9a-8699-3a72-b460-2a58b5a4f2f81784160000,true,Business Unit A,Human Resources,Individual Contributor,No,Developer Experience,Application engineering,Senior / lead,Under 2 years,Yes
f02cc034-f8c6-39b7-afff-343b04ff20641784160000,true,Business Unit E,Human Resources,Individual Contributor,No,Identity,Application engineering,Experienced,Under 2 years,Yes
f0699448-f713-378f-9e30-ac35b4b0ddbb1784160000,true,Business Unit B,Engineering,Senior Manager,Yes,Payments,Application engineering,Senior / lead,2 to 5 years,Yes
f1541aa7-7f5e-34b8-ad78-3cd8edc99ac61784160000,true,Business Unit B,Engineering,Individual Contributor,No,Platform,Application engineering,Experienced,Under 2 years,Yes
f166b497-832f-3b26-8149-b36820a1aebe1784160000,true,Business Unit E,Engineering,Manager,Yes,Identity,Infrastructure engineering,Experienced,2 to 5 years,Yes
f1809858-d9d7-3db3-8cc3-5793c598044c1784160000,true,Business Unit D,Engineering,Manager,Yes,Platform,Infrastructure engineering,Experienced,2 to 5 years,Yes
f1a816b8-642f-319e-af46-3080107494041784160000,true,Business Unit C,Engineering,Senior Manager,Yes,Mobile,Other job families,Senior / lead,2 to 5 years,No
f1ebcf2f-e51e-373c-b8af-374b6efced621784160000,false,Business Unit B,Finance,Individual Contributor,No,Identity,Application engineering,Experienced,Over 5 years,Yes
f2469968-f4ce-3c30-aece-76c96bba977f1784160000,false,Business Unit A,Product,Individual Contributor,No,Identity,Application engineering,Experienced,2 to 5 years,Yes
f28c27e1-116f-3bfa-87a3-a4aec05ef6ed1784160000,true,Business Unit D,Engineering,Manager,Yes,Mobile,Infrastructure engineering,Early career,Under 2 years,Yes
f37b1d54-4726-3503-b093-7096160494d81784160000,true,Business Unit E,Engineering,Senior Manager,Yes,Payments,Infrastructure engineering,Experienced,Under 2 years,Yes
f384cd2c-ddf3-3520-8306-c32081e09f5e1784160000,true,Business Unit A,Product,Individual Contributor,No,Platform,Infrastructure engineering,Senior / lead,Under 2 years,Yes
f55d8d9d-5df9-32e8-a43c-40e2d30fe83e1784160000,true,Business Unit C,Product,Individual Contributor,No,Data Engineering,Application engineering,Experienced,Under 2 years,Yes
f5a2ffe8-63a0-3fe0-82d0-e2780d9d29dc1784160000,true,Business Unit A,Engineering,Manager,Yes,Platform,Infrastructure engineering,Early career,Over 5 years,Yes
f5b7af0b-6fd8-3576-b8bd-8c423699ee6f1784160000,false,Business Unit C,Engineering,Individual Contributor,No,Identity,Infrastructure engineering,Experienced,2 to 5 years,Yes
f5c21c69-5b03-320a-ae2e-2554aefff9431784160000,true,Business Unit C,Engineering,Individual Contributor,No,Mobile,Application engineering,Senior / lead,Under 2 years,Yes
f6041275-17f3-3816-9832-ef4f033a15b61784160000,true,Business Unit D,Operations,Individual Contributor,No,Data Engineering,Other job families,Experienced,Under 2 years,No
f6d44ec5-a47a-3937-931c-9f8412b5fa881784160000,true,Business Unit D,Engineering,Individual Contributor,No,Developer Experience,Application engineering,Early career,2 to 5 years,Yes
f73d6650-6003-3852-aa34-b14c1250c15f1784160000,true,Business Unit C,Operations,Manager,Yes,Payments,Other job families,Experienced,2 to 5 years,No
f79bc0ee-0877-3ecc-964c-fc48c0cec2711784160000,false,Business Unit D,Sales,Individual Contributor,No,Identity,Other job families,Experienced,2 to 5 years,No
fa146ea6-61c1-3eaf-b3b7-d79bd6e503ca1784160000,true,Business Unit B,Finance,Individual Contributor,No,Platform,Application engineering,Early career,2 to 5 years,Yes
fa282dd9-1ca1-3d0d-a378-f5ecfd5f74f21784160000,true,Business Unit E,Engineering,Individual Contributor,No,Identity,Engineering management,Early career,Over 5 years,Yes
fbb84839-d7f2-363f-a497-68b74f2449f21784160000,true,Business Unit A,Engineering,Individual Contributor,No,Mobile,Infrastructure engineering,Experienced,Under 2 years,Yes
fc67d0c7-275d-3d6b-aa43-f006eb81d7131784160000,true,Business Unit D,Legal,Individual Contributor,No,Payments,Other job families,Early career,Over 5 years,No
fc6b0572-45d8-3b03-83c0-32448621bbb31784160000,true,Business Unit E,Operations,Individual Contributor,No,Data Engineering,Engineering management,Senior / lead,Under 2 years,Yes
fccc0510-f20a-3f28-bf3c-66cfe9fa99d11784160000,true,Business Unit A,Finance,Individual Contributor,No,Mobile,Application engineering,Experienced,Under 2 years,Yes
fe5c2831-6d72-3f57-b5da-21037ecbeb2f1784160000,true,Business Unit D,Engineering,Individual Contributor,No,Mobile,Application engineering,Senior / lead,Under 2 years,Yes
fef4cad3-0478-304d-86ff-dd08b20ed8de1784160000,true,Business Unit A,Engineering,Individual Contributor,No,Mobile,Infrastructure engineering,Senior / lead,2 to 5 years,Yes
