"PersonId","Organization","FunctionType","LevelDesignation","IsManager"
"PID0001","Business Unit E","Finance","Senior Manager","Yes"
"PID0002","Business Unit A","Operations","Senior Manager","Yes"
"PID0003","Business Unit A","Engineering","Team Lead","Yes"
"PID0004","Business Unit F","Sales","Individual Contributor","No"
"PID0005","Business Unit E","Marketing","Individual Contributor","No"
"PID0006","Business Unit C","Legal","Team Lead","Yes"
"PID0007","Business Unit D","Engineering","Individual Contributor","No"
"PID0008","Business Unit D","Finance","Manager","Yes"
"PID0009","Business Unit E","Finance","Individual Contributor","No"
"PID0010","Business Unit D","Engineering","Director","Yes"
"PID0011","Business Unit B","Human Resources","Individual Contributor","No"
"PID0012","Business Unit B","Operations","Individual Contributor","No"
"PID0013","Business Unit C","Operations","Individual Contributor","No"
"PID0014","Business Unit E","Engineering","Individual Contributor","No"
"PID0015","Business Unit F","Marketing","Individual Contributor","No"
"PID0016","Business Unit A","Engineering","Senior Manager","Yes"
"PID0017","Business Unit D","Operations","Director","Yes"
"PID0018","Business Unit B","Marketing","Senior Manager","Yes"
"PID0019","Business Unit F","Operations","Individual Contributor","No"
"PID0020","Business Unit B","Operations","Individual Contributor","No"
"PID0021","Business Unit F","Customer Service","Senior Manager","Yes"
"PID0022","Business Unit B","Human Resources","Individual Contributor","No"
"PID0023","Business Unit E","Human Resources","Team Lead","Yes"
"PID0024","Business Unit E","Sales","Individual Contributor","No"
"PID0025","Business Unit D","Customer Service","Individual Contributor","No"
"PID0026","Business Unit E","Sales","Senior Manager","Yes"
"PID0027","Business Unit C","Human Resources","Individual Contributor","No"
"PID0028","Business Unit D","Legal","Individual Contributor","No"
"PID0029","Business Unit C","Legal","Team Lead","Yes"
"PID0030","Business Unit C","Operations","Individual Contributor","No"
"PID0031","Business Unit B","Engineering","Manager","Yes"
"PID0032","Business Unit E","Finance","Manager","Yes"
"PID0033","Business Unit D","Customer Service","Individual Contributor","No"
"PID0034","Business Unit B","Legal","Individual Contributor","No"
"PID0035","Business Unit B","Sales","Individual Contributor","No"
"PID0036","Business Unit E","Customer Service","Team Lead","Yes"
"PID0037","Business Unit D","Operations","Individual Contributor","No"
"PID0038","Business Unit E","Legal","Director","Yes"
"PID0039","Business Unit E","Legal","Team Lead","Yes"
"PID0040","Business Unit A","Engineering","Individual Contributor","No"
"PID0041","Business Unit D","Human Resources","Senior Manager","Yes"
"PID0042","Business Unit E","Sales","Team Lead","Yes"
"PID0043","Business Unit A","Engineering","Manager","Yes"
"PID0044","Business Unit E","Operations","Individual Contributor","No"
"PID0045","Business Unit B","Customer Service","Individual Contributor","No"
"PID0046","Business Unit A","Engineering","Manager","Yes"
"PID0047","Business Unit C","Legal","Team Lead","Yes"
"PID0048","Business Unit B","Operations","Individual Contributor","No"
"PID0049","Business Unit F","Human Resources","Senior Manager","Yes"
"PID0050","Business Unit E","Legal","Team Lead","Yes"
"PID0051","Business Unit E","Sales","Team Lead","Yes"
"PID0052","Business Unit C","Customer Service","Individual Contributor","No"
"PID0053","Business Unit E","Marketing","Individual Contributor","No"
"PID0054","Business Unit D","Operations","Director","Yes"
"PID0055","Business Unit A","Finance","Manager","Yes"
"PID0056","Business Unit A","Human Resources","Director","Yes"
"PID0057","Business Unit C","Sales","Individual Contributor","No"
"PID0058","Business Unit E","Operations","Individual Contributor","No"
"PID0059","Business Unit E","Engineering","Individual Contributor","No"
"PID0060","Business Unit A","Sales","Individual Contributor","No"
"PID0061","Business Unit D","Finance","Team Lead","Yes"
"PID0062","Business Unit A","Sales","Individual Contributor","No"
"PID0063","Business Unit F","Customer Service","Manager","Yes"
"PID0064","Business Unit D","Operations","Individual Contributor","No"
"PID0065","Business Unit A","Sales","Team Lead","Yes"
"PID0066","Business Unit A","Customer Service","Individual Contributor","No"
"PID0067","Business Unit D","Marketing","Individual Contributor","No"
"PID0068","Business Unit F","Legal","Manager","Yes"
"PID0069","Business Unit E","Legal","Manager","Yes"
"PID0070","Business Unit D","Customer Service","Individual Contributor","No"
"PID0071","Business Unit E","Engineering","Individual Contributor","No"
"PID0072","Business Unit C","Legal","Individual Contributor","No"
"PID0073","Business Unit F","Finance","Senior Manager","Yes"
"PID0074","Business Unit F","Customer Service","Director","Yes"
"PID0075","Business Unit A","Finance","Individual Contributor","No"
"PID0076","Business Unit D","Customer Service","Manager","Yes"
"PID0077","Business Unit C","Engineering","Team Lead","Yes"
"PID0078","Business Unit A","Operations","Individual Contributor","No"
"PID0079","Business Unit A","Operations","Team Lead","Yes"
"PID0080","Business Unit D","Engineering","Individual Contributor","No"
"PID0081","Business Unit F","Engineering","Manager","Yes"
"PID0082","Business Unit E","Engineering","Individual Contributor","No"
"PID0083","Business Unit A","Operations","Team Lead","Yes"
"PID0084","Business Unit C","Customer Service","Individual Contributor","No"
"PID0085","Business Unit D","Operations","Individual Contributor","No"
"PID0086","Business Unit A","Operations","Senior Manager","Yes"
"PID0087","Business Unit E","Operations","Individual Contributor","No"
"PID0088","Business Unit E","Legal","Manager","Yes"
"PID0089","Business Unit D","Operations","Team Lead","Yes"
"PID0090","Business Unit E","Finance","Individual Contributor","No"
"PID0091","Business Unit E","Finance","Individual Contributor","No"
"PID0092","Business Unit A","Operations","Manager","Yes"
"PID0093","Business Unit B","Engineering","Senior Manager","Yes"
"PID0094","Business Unit D","Marketing","Manager","Yes"
"PID0095","Business Unit C","Engineering","Individual Contributor","No"
"PID0096","Business Unit F","Operations","Individual Contributor","No"
"PID0097","Business Unit E","Sales","Individual Contributor","No"
"PID0098","Business Unit C","Sales","Individual Contributor","No"
"PID0099","Business Unit E","Human Resources","Manager","Yes"
"PID0100","Business Unit A","Finance","Team Lead","Yes"
"PID0101","Business Unit C","Engineering","Manager","Yes"
"PID0102","Business Unit F","Sales","Team Lead","Yes"
"PID0103","Business Unit E","Legal","Senior Manager","Yes"
"PID0104","Business Unit B","Customer Service","Manager","Yes"
"PID0105","Business Unit D","Customer Service","Senior Manager","Yes"
"PID0106","Business Unit B","Customer Service","Manager","Yes"
"PID0107","Business Unit A","Marketing","Team Lead","Yes"
"PID0108","Business Unit D","Customer Service","Team Lead","Yes"
"PID0109","Business Unit B","Customer Service","Individual Contributor","No"
"PID0110","Business Unit D","Human Resources","Director","Yes"
"PID0111","Business Unit E","Engineering","Individual Contributor","No"
"PID0112","Business Unit B","Sales","Team Lead","Yes"
"PID0113","Business Unit D","Sales","Manager","Yes"
"PID0114","Business Unit E","Engineering","Individual Contributor","No"
"PID0115","Business Unit C","Customer Service","Individual Contributor","No"
"PID0116","Business Unit A","Operations","Individual Contributor","No"
"PID0117","Business Unit A","Engineering","Individual Contributor","No"
"PID0118","Business Unit A","Engineering","Individual Contributor","No"
"PID0119","Business Unit A","Human Resources","Team Lead","Yes"
"PID0120","Business Unit A","Finance","Manager","Yes"
"PID0121","Business Unit E","Marketing","Director","Yes"
"PID0122","Business Unit D","Customer Service","Individual Contributor","No"
"PID0123","Business Unit C","Sales","Individual Contributor","No"
"PID0124","Business Unit E","Sales","Individual Contributor","No"
"PID0125","Business Unit B","Legal","Team Lead","Yes"
"PID0126","Business Unit D","Finance","Individual Contributor","No"
"PID0127","Business Unit D","Engineering","Individual Contributor","No"
"PID0128","Business Unit A","Engineering","Manager","Yes"
"PID0129","Business Unit C","Engineering","Individual Contributor","No"
"PID0130","Business Unit B","Operations","Manager","Yes"
"PID0131","Business Unit B","Customer Service","Individual Contributor","No"
"PID0132","Business Unit A","Legal","Individual Contributor","No"
"PID0133","Business Unit B","Finance","Individual Contributor","No"
"PID0134","Business Unit C","Sales","Individual Contributor","No"
"PID0135","Business Unit B","Sales","Manager","Yes"
"PID0136","Business Unit E","Customer Service","Director","Yes"
"PID0137","Business Unit B","Operations","Team Lead","Yes"
"PID0138","Business Unit E","Finance","Manager","Yes"
"PID0139","Business Unit C","Engineering","Team Lead","Yes"
"PID0140","Business Unit F","Finance","Team Lead","Yes"
"PID0141","Business Unit F","Engineering","Team Lead","Yes"
"PID0142","Business Unit E","Engineering","Manager","Yes"
"PID0143","Business Unit B","Customer Service","Individual Contributor","No"
"PID0144","Business Unit F","Sales","Individual Contributor","No"
"PID0145","Business Unit C","Legal","Director","Yes"
"PID0146","Business Unit D","Marketing","Team Lead","Yes"
"PID0147","Business Unit D","Sales","Individual Contributor","No"
"PID0148","Business Unit D","Sales","Manager","Yes"
"PID0149","Business Unit E","Marketing","Individual Contributor","No"
"PID0150","Business Unit B","Customer Service","Individual Contributor","No"
"PID0151","Business Unit E","Finance","Manager","Yes"
"PID0152","Business Unit D","Customer Service","Individual Contributor","No"
"PID0153","Business Unit E","Human Resources","Individual Contributor","No"
"PID0154","Business Unit B","Engineering","Manager","Yes"
"PID0155","Business Unit F","Operations","Team Lead","Yes"
"PID0156","Business Unit A","Customer Service","Individual Contributor","No"
"PID0157","Business Unit E","Engineering","Team Lead","Yes"
"PID0158","Business Unit D","Finance","Senior Manager","Yes"
"PID0159","Business Unit D","Customer Service","Manager","Yes"
"PID0160","Business Unit D","Operations","Individual Contributor","No"
"PID0161","Business Unit C","Finance","Team Lead","Yes"
"PID0162","Business Unit C","Sales","Individual Contributor","No"
"PID0163","Business Unit F","Engineering","Individual Contributor","No"
"PID0164","Business Unit F","Sales","Individual Contributor","No"
"PID0165","Business Unit F","Finance","Manager","Yes"
"PID0166","Business Unit F","Marketing","Director","Yes"
"PID0167","Business Unit A","Marketing","Manager","Yes"
"PID0168","Business Unit E","Engineering","Individual Contributor","No"
"PID0169","Business Unit D","Legal","Team Lead","Yes"
"PID0170","Business Unit C","Sales","Team Lead","Yes"
"PID0171","Business Unit E","Marketing","Individual Contributor","No"
"PID0172","Business Unit C","Marketing","Individual Contributor","No"
"PID0173","Business Unit E","Marketing","Manager","Yes"
"PID0174","Business Unit F","Finance","Individual Contributor","No"
"PID0175","Business Unit C","Human Resources","Individual Contributor","No"
"PID0176","Business Unit C","Engineering","Manager","Yes"
"PID0177","Business Unit E","Sales","Team Lead","Yes"
"PID0178","Business Unit B","Customer Service","Team Lead","Yes"
"PID0179","Business Unit F","Sales","Individual Contributor","No"
"PID0180","Business Unit C","Human Resources","Team Lead","Yes"
"PID0181","Business Unit C","Finance","Senior Manager","Yes"
"PID0182","Business Unit D","Engineering","Individual Contributor","No"
"PID0183","Business Unit B","Operations","Manager","Yes"
"PID0184","Business Unit B","Sales","Senior Manager","Yes"
"PID0185","Business Unit D","Customer Service","Individual Contributor","No"
"PID0186","Business Unit F","Operations","Manager","Yes"
"PID0187","Business Unit C","Legal","Individual Contributor","No"
"PID0188","Business Unit F","Human Resources","Manager","Yes"
"PID0189","Business Unit D","Operations","Team Lead","Yes"
"PID0190","Business Unit E","Human Resources","Manager","Yes"
"PID0191","Business Unit F","Operations","Individual Contributor","No"
"PID0192","Business Unit A","Sales","Senior Manager","Yes"
"PID0193","Business Unit E","Marketing","Manager","Yes"
"PID0194","Business Unit F","Finance","Manager","Yes"
"PID0195","Business Unit D","Finance","Individual Contributor","No"
"PID0196","Business Unit F","Customer Service","Individual Contributor","No"
"PID0197","Business Unit F","Sales","Senior Manager","Yes"
"PID0198","Business Unit E","Legal","Manager","Yes"
"PID0199","Business Unit F","Marketing","Team Lead","Yes"
"PID0200","Business Unit B","Marketing","Team Lead","Yes"
"PID0201","Business Unit B","Sales","Senior Manager","Yes"
"PID0202","Business Unit F","Engineering","Director","Yes"
"PID0203","Business Unit F","Operations","Manager","Yes"
"PID0204","Business Unit B","Engineering","Individual Contributor","No"
"PID0205","Business Unit A","Operations","Team Lead","Yes"
"PID0206","Business Unit A","Sales","Team Lead","Yes"
"PID0207","Business Unit C","Engineering","Individual Contributor","No"
"PID0208","Business Unit B","Customer Service","Individual Contributor","No"
"PID0209","Business Unit E","Legal","Individual Contributor","No"
"PID0210","Business Unit A","Sales","Individual Contributor","No"
"PID0211","Business Unit B","Operations","Director","Yes"
"PID0212","Business Unit A","Operations","Individual Contributor","No"
"PID0213","Business Unit E","Operations","Individual Contributor","No"
"PID0214","Business Unit E","Operations","Individual Contributor","No"
"PID0215","Business Unit D","Engineering","Manager","Yes"
"PID0216","Business Unit B","Marketing","Team Lead","Yes"
"PID0217","Business Unit F","Legal","Senior Manager","Yes"
"PID0218","Business Unit B","Marketing","Manager","Yes"
"PID0219","Business Unit B","Marketing","Team Lead","Yes"
"PID0220","Business Unit D","Marketing","Team Lead","Yes"
"PID0221","Business Unit F","Sales","Team Lead","Yes"
"PID0222","Business Unit A","Sales","Team Lead","Yes"
"PID0223","Business Unit D","Customer Service","Team Lead","Yes"
"PID0224","Business Unit E","Marketing","Manager","Yes"
"PID0225","Business Unit B","Engineering","Individual Contributor","No"
"PID0226","Business Unit C","Engineering","Individual Contributor","No"
"PID0227","Business Unit E","Operations","Team Lead","Yes"
"PID0228","Business Unit A","Engineering","Individual Contributor","No"
"PID0229","Business Unit B","Legal","Director","Yes"
"PID0230","Business Unit F","Human Resources","Senior Manager","Yes"
"PID0231","Business Unit F","Customer Service","Manager","Yes"
"PID0232","Business Unit C","Operations","Individual Contributor","No"
"PID0233","Business Unit D","Marketing","Individual Contributor","No"
"PID0234","Business Unit E","Sales","Manager","Yes"
"PID0235","Business Unit C","Marketing","Team Lead","Yes"
"PID0236","Business Unit D","Legal","Manager","Yes"
"PID0237","Business Unit B","Engineering","Manager","Yes"
"PID0238","Business Unit E","Customer Service","Individual Contributor","No"
"PID0239","Business Unit D","Marketing","Team Lead","Yes"
"PID0240","Business Unit B","Engineering","Manager","Yes"
"PID0241","Business Unit E","Human Resources","Individual Contributor","No"
"PID0242","Business Unit F","Engineering","Individual Contributor","No"
"PID0243","Business Unit A","Finance","Team Lead","Yes"
"PID0244","Business Unit A","Customer Service","Manager","Yes"
"PID0245","Business Unit F","Operations","Individual Contributor","No"
"PID0246","Business Unit B","Customer Service","Senior Manager","Yes"
"PID0247","Business Unit D","Engineering","Individual Contributor","No"
"PID0248","Business Unit C","Marketing","Senior Manager","Yes"
"PID0249","Business Unit E","Operations","Senior Manager","Yes"
"PID0250","Business Unit F","Operations","Individual Contributor","No"
"PID0251","Business Unit A","Operations","Senior Manager","Yes"
"PID0252","Business Unit E","Customer Service","Individual Contributor","No"
"PID0253","Business Unit F","Customer Service","Manager","Yes"
"PID0254","Business Unit B","Customer Service","Senior Manager","Yes"
"PID0255","Business Unit C","Finance","Individual Contributor","No"
"PID0256","Business Unit C","Finance","Individual Contributor","No"
"PID0257","Business Unit D","Human Resources","Senior Manager","Yes"
"PID0258","Business Unit A","Finance","Manager","Yes"
"PID0259","Business Unit E","Operations","Manager","Yes"
"PID0260","Business Unit C","Operations","Individual Contributor","No"
"PID0261","Business Unit F","Finance","Individual Contributor","No"
"PID0262","Business Unit A","Sales","Individual Contributor","No"
"PID0263","Business Unit B","Human Resources","Senior Manager","Yes"
"PID0264","Business Unit B","Finance","Team Lead","Yes"
"PID0265","Business Unit D","Engineering","Senior Manager","Yes"
"PID0266","Business Unit E","Sales","Individual Contributor","No"
"PID0267","Business Unit F","Operations","Manager","Yes"
"PID0268","Business Unit F","Human Resources","Individual Contributor","No"
"PID0269","Business Unit C","Marketing","Individual Contributor","No"
"PID0270","Business Unit E","Engineering","Individual Contributor","No"
"PID0271","Business Unit D","Operations","Individual Contributor","No"
"PID0272","Business Unit D","Finance","Manager","Yes"
"PID0273","Business Unit D","Human Resources","Team Lead","Yes"
"PID0274","Business Unit B","Human Resources","Director","Yes"
"PID0275","Business Unit B","Operations","Individual Contributor","No"
"PID0276","Business Unit D","Engineering","Individual Contributor","No"
"PID0277","Business Unit C","Engineering","Individual Contributor","No"
"PID0278","Business Unit D","Sales","Individual Contributor","No"
"PID0279","Business Unit F","Customer Service","Individual Contributor","No"
"PID0280","Business Unit D","Engineering","Individual Contributor","No"
"PID0281","Business Unit B","Human Resources","Director","Yes"
"PID0282","Business Unit A","Customer Service","Team Lead","Yes"
"PID0283","Business Unit A","Human Resources","Manager","Yes"
"PID0284","Business Unit F","Sales","Team Lead","Yes"
"PID0285","Business Unit E","Human Resources","Individual Contributor","No"
"PID0286","Business Unit E","Customer Service","Individual Contributor","No"
"PID0287","Business Unit B","Operations","Director","Yes"
"PID0288","Business Unit B","Legal","Team Lead","Yes"
"PID0289","Business Unit B","Engineering","Individual Contributor","No"
"PID0290","Business Unit F","Customer Service","Team Lead","Yes"
"PID0291","Business Unit A","Human Resources","Team Lead","Yes"
"PID0292","Business Unit A","Engineering","Team Lead","Yes"
"PID0293","Business Unit F","Customer Service","Manager","Yes"
"PID0294","Business Unit A","Operations","Individual Contributor","No"
"PID0295","Business Unit C","Sales","Team Lead","Yes"
"PID0296","Business Unit B","Customer Service","Individual Contributor","No"
"PID0297","Business Unit F","Human Resources","Manager","Yes"
"PID0298","Business Unit D","Operations","Senior Manager","Yes"
"PID0299","Business Unit C","Human Resources","Team Lead","Yes"
"PID0300","Business Unit F","Finance","Senior Manager","Yes"
"PID0301","Business Unit A","Marketing","Team Lead","Yes"
"PID0302","Business Unit C","Operations","Team Lead","Yes"
"PID0303","Business Unit E","Human Resources","Individual Contributor","No"
"PID0304","Business Unit B","Finance","Senior Manager","Yes"
"PID0305","Business Unit D","Sales","Individual Contributor","No"
"PID0306","Business Unit B","Customer Service","Senior Manager","Yes"
"PID0307","Business Unit B","Human Resources","Individual Contributor","No"
"PID0308","Business Unit A","Engineering","Individual Contributor","No"
"PID0309","Business Unit C","Operations","Manager","Yes"
"PID0310","Business Unit C","Customer Service","Manager","Yes"
"PID0311","Business Unit F","Sales","Manager","Yes"
"PID0312","Business Unit F","Operations","Individual Contributor","No"
"PID0313","Business Unit A","Finance","Team Lead","Yes"
"PID0314","Business Unit A","Sales","Individual Contributor","No"
"PID0315","Business Unit C","Sales","Individual Contributor","No"
"PID0316","Business Unit F","Legal","Manager","Yes"
"PID0317","Business Unit F","Marketing","Senior Manager","Yes"
"PID0318","Business Unit C","Customer Service","Senior Manager","Yes"
"PID0319","Business Unit D","Marketing","Director","Yes"
"PID0320","Business Unit E","Customer Service","Individual Contributor","No"
"PID0321","Business Unit B","Customer Service","Individual Contributor","No"
"PID0322","Business Unit D","Engineering","Team Lead","Yes"
"PID0323","Business Unit B","Finance","Senior Manager","Yes"
"PID0324","Business Unit A","Sales","Senior Manager","Yes"
"PID0325","Business Unit C","Sales","Manager","Yes"
"PID0326","Business Unit A","Customer Service","Team Lead","Yes"
"PID0327","Business Unit A","Human Resources","Individual Contributor","No"
"PID0328","Business Unit E","Human Resources","Individual Contributor","No"
"PID0329","Business Unit B","Customer Service","Team Lead","Yes"
"PID0330","Business Unit B","Engineering","Senior Manager","Yes"
"PID0331","Business Unit D","Customer Service","Individual Contributor","No"
"PID0332","Business Unit B","Operations","Manager","Yes"
"PID0333","Business Unit A","Finance","Team Lead","Yes"
"PID0334","Business Unit B","Operations","Senior Manager","Yes"
"PID0335","Business Unit A","Engineering","Individual Contributor","No"
"PID0336","Business Unit E","Sales","Team Lead","Yes"
"PID0337","Business Unit B","Human Resources","Individual Contributor","No"
"PID0338","Business Unit F","Operations","Senior Manager","Yes"
"PID0339","Business Unit D","Finance","Senior Manager","Yes"
"PID0340","Business Unit A","Sales","Team Lead","Yes"
"PID0341","Business Unit E","Customer Service","Team Lead","Yes"
"PID0342","Business Unit A","Legal","Team Lead","Yes"
"PID0343","Business Unit B","Finance","Individual Contributor","No"
"PID0344","Business Unit E","Customer Service","Team Lead","Yes"
"PID0345","Business Unit A","Operations","Individual Contributor","No"
"PID0346","Business Unit B","Sales","Director","Yes"
"PID0347","Business Unit D","Customer Service","Manager","Yes"
"PID0348","Business Unit F","Operations","Manager","Yes"
"PID0349","Business Unit F","Operations","Manager","Yes"
"PID0350","Business Unit B","Human Resources","Individual Contributor","No"
"PID0351","Business Unit D","Finance","Individual Contributor","No"
"PID0352","Business Unit B","Engineering","Individual Contributor","No"
"PID0353","Business Unit E","Customer Service","Manager","Yes"
"PID0354","Business Unit A","Operations","Manager","Yes"
"PID0355","Business Unit B","Engineering","Senior Manager","Yes"
"PID0356","Business Unit A","Sales","Individual Contributor","No"
"PID0357","Business Unit B","Customer Service","Team Lead","Yes"
"PID0358","Business Unit E","Marketing","Individual Contributor","No"
"PID0359","Business Unit D","Engineering","Team Lead","Yes"
"PID0360","Business Unit B","Sales","Individual Contributor","No"
"PID0361","Business Unit A","Operations","Manager","Yes"
"PID0362","Business Unit F","Marketing","Team Lead","Yes"
"PID0363","Business Unit A","Engineering","Senior Manager","Yes"
"PID0364","Business Unit F","Engineering","Individual Contributor","No"
"PID0365","Business Unit D","Customer Service","Team Lead","Yes"
"PID0366","Business Unit B","Operations","Team Lead","Yes"
"PID0367","Business Unit D","Legal","Manager","Yes"
"PID0368","Business Unit C","Customer Service","Individual Contributor","No"
"PID0369","Business Unit B","Legal","Senior Manager","Yes"
"PID0370","Business Unit C","Human Resources","Individual Contributor","No"
"PID0371","Business Unit C","Finance","Manager","Yes"
"PID0372","Business Unit E","Sales","Individual Contributor","No"
"PID0373","Business Unit D","Customer Service","Senior Manager","Yes"
"PID0374","Business Unit A","Customer Service","Individual Contributor","No"
"PID0375","Business Unit B","Operations","Team Lead","Yes"
"PID0376","Business Unit B","Sales","Senior Manager","Yes"
"PID0377","Business Unit E","Engineering","Individual Contributor","No"
"PID0378","Business Unit C","Engineering","Manager","Yes"
"PID0379","Business Unit A","Engineering","Team Lead","Yes"
"PID0380","Business Unit A","Engineering","Team Lead","Yes"
"PID0381","Business Unit C","Engineering","Manager","Yes"
"PID0382","Business Unit F","Finance","Team Lead","Yes"
"PID0383","Business Unit B","Human Resources","Individual Contributor","No"
"PID0384","Business Unit B","Operations","Team Lead","Yes"
"PID0385","Business Unit F","Engineering","Individual Contributor","No"
"PID0386","Business Unit E","Sales","Director","Yes"
"PID0387","Business Unit D","Engineering","Manager","Yes"
"PID0388","Business Unit D","Engineering","Individual Contributor","No"
"PID0389","Business Unit C","Legal","Senior Manager","Yes"
"PID0390","Business Unit E","Operations","Individual Contributor","No"
"PID0391","Business Unit F","Marketing","Director","Yes"
"PID0392","Business Unit B","Sales","Team Lead","Yes"
"PID0393","Business Unit D","Engineering","Individual Contributor","No"
"PID0394","Business Unit F","Engineering","Manager","Yes"
"PID0395","Business Unit C","Marketing","Senior Manager","Yes"
"PID0396","Business Unit B","Customer Service","Team Lead","Yes"
"PID0397","Business Unit D","Sales","Team Lead","Yes"
"PID0398","Business Unit D","Sales","Individual Contributor","No"
"PID0399","Business Unit C","Finance","Individual Contributor","No"
"PID0400","Business Unit D","Legal","Manager","Yes"
"PID0401","Business Unit F","Engineering","Individual Contributor","No"
"PID0402","Business Unit E","Operations","Senior Manager","Yes"
"PID0403","Business Unit F","Engineering","Individual Contributor","No"
"PID0404","Business Unit C","Finance","Team Lead","Yes"
"PID0405","Business Unit B","Engineering","Individual Contributor","No"
"PID0406","Business Unit B","Marketing","Director","Yes"
"PID0407","Business Unit F","Customer Service","Manager","Yes"
"PID0408","Business Unit E","Legal","Individual Contributor","No"
"PID0409","Business Unit F","Legal","Individual Contributor","No"
"PID0410","Business Unit E","Legal","Individual Contributor","No"
"PID0411","Business Unit B","Operations","Individual Contributor","No"
"PID0412","Business Unit A","Marketing","Senior Manager","Yes"
"PID0413","Business Unit D","Sales","Team Lead","Yes"
"PID0414","Business Unit F","Human Resources","Individual Contributor","No"
"PID0415","Business Unit A","Engineering","Director","Yes"
"PID0416","Business Unit D","Customer Service","Senior Manager","Yes"
"PID0417","Business Unit A","Operations","Individual Contributor","No"
"PID0418","Business Unit F","Human Resources","Individual Contributor","No"
"PID0419","Business Unit E","Finance","Individual Contributor","No"
"PID0420","Business Unit F","Operations","Senior Manager","Yes"
"PID0421","Business Unit E","Human Resources","Individual Contributor","No"
"PID0422","Business Unit B","Marketing","Individual Contributor","No"
"PID0423","Business Unit E","Customer Service","Director","Yes"
"PID0424","Business Unit D","Sales","Team Lead","Yes"
"PID0425","Business Unit B","Legal","Individual Contributor","No"
"PID0426","Business Unit B","Operations","Team Lead","Yes"
"PID0427","Business Unit C","Engineering","Individual Contributor","No"
"PID0428","Business Unit E","Finance","Individual Contributor","No"
"PID0429","Business Unit B","Marketing","Team Lead","Yes"
"PID0430","Business Unit D","Marketing","Team Lead","Yes"
"PID0431","Business Unit E","Engineering","Team Lead","Yes"
"PID0432","Business Unit F","Finance","Team Lead","Yes"
"PID0433","Business Unit A","Customer Service","Manager","Yes"
"PID0434","Business Unit F","Engineering","Senior Manager","Yes"
"PID0435","Business Unit C","Sales","Manager","Yes"
"PID0436","Business Unit F","Engineering","Individual Contributor","No"
"PID0437","Business Unit F","Operations","Team Lead","Yes"
"PID0438","Business Unit E","Customer Service","Senior Manager","Yes"
"PID0439","Business Unit E","Marketing","Director","Yes"
"PID0440","Business Unit E","Engineering","Team Lead","Yes"
"PID0441","Business Unit F","Customer Service","Individual Contributor","No"
"PID0442","Business Unit E","Sales","Individual Contributor","No"
"PID0443","Business Unit D","Sales","Manager","Yes"
"PID0444","Business Unit A","Sales","Senior Manager","Yes"
"PID0445","Business Unit A","Engineering","Individual Contributor","No"
"PID0446","Business Unit B","Operations","Team Lead","Yes"
"PID0447","Business Unit F","Operations","Team Lead","Yes"
"PID0448","Business Unit F","Engineering","Manager","Yes"
"PID0449","Business Unit B","Operations","Individual Contributor","No"
"PID0450","Business Unit C","Operations","Director","Yes"
"PID0451","Business Unit F","Human Resources","Individual Contributor","No"
"PID0452","Business Unit E","Operations","Team Lead","Yes"
"PID0453","Business Unit D","Sales","Individual Contributor","No"
"PID0454","Business Unit B","Engineering","Individual Contributor","No"
"PID0455","Business Unit A","Customer Service","Individual Contributor","No"
"PID0456","Business Unit A","Finance","Individual Contributor","No"
"PID0457","Business Unit A","Marketing","Manager","Yes"
"PID0458","Business Unit A","Customer Service","Individual Contributor","No"
"PID0459","Business Unit E","Customer Service","Manager","Yes"
"PID0460","Business Unit B","Sales","Team Lead","Yes"
"PID0461","Business Unit D","Customer Service","Individual Contributor","No"
"PID0462","Business Unit B","Finance","Individual Contributor","No"
"PID0463","Business Unit D","Finance","Individual Contributor","No"
"PID0464","Business Unit B","Human Resources","Individual Contributor","No"
"PID0465","Business Unit E","Operations","Team Lead","Yes"
"PID0466","Business Unit F","Engineering","Individual Contributor","No"
"PID0467","Business Unit B","Legal","Individual Contributor","No"
"PID0468","Business Unit A","Legal","Individual Contributor","No"
"PID0469","Business Unit F","Human Resources","Individual Contributor","No"
"PID0470","Business Unit C","Operations","Individual Contributor","No"
"PID0471","Business Unit B","Finance","Individual Contributor","No"
"PID0472","Business Unit B","Sales","Individual Contributor","No"
"PID0473","Business Unit C","Engineering","Team Lead","Yes"
"PID0474","Business Unit A","Finance","Director","Yes"
"PID0475","Business Unit A","Finance","Director","Yes"
"PID0476","Business Unit B","Operations","Individual Contributor","No"
"PID0477","Business Unit D","Customer Service","Senior Manager","Yes"
"PID0478","Business Unit A","Human Resources","Individual Contributor","No"
"PID0479","Business Unit D","Sales","Manager","Yes"
"PID0480","Business Unit D","Customer Service","Individual Contributor","No"
"PID0481","Business Unit F","Sales","Team Lead","Yes"
"PID0482","Business Unit A","Customer Service","Team Lead","Yes"
"PID0483","Business Unit C","Operations","Individual Contributor","No"
"PID0484","Business Unit A","Legal","Director","Yes"
"PID0485","Business Unit A","Marketing","Individual Contributor","No"
"PID0486","Business Unit A","Sales","Manager","Yes"
"PID0487","Business Unit B","Customer Service","Team Lead","Yes"
"PID0488","Business Unit B","Finance","Individual Contributor","No"
"PID0489","Business Unit D","Sales","Senior Manager","Yes"
"PID0490","Business Unit C","Engineering","Team Lead","Yes"
"PID0491","Business Unit C","Engineering","Individual Contributor","No"
"PID0492","Business Unit B","Sales","Individual Contributor","No"
"PID0493","Business Unit F","Customer Service","Senior Manager","Yes"
"PID0494","Business Unit D","Sales","Individual Contributor","No"
"PID0495","Business Unit C","Operations","Individual Contributor","No"
"PID0496","Business Unit C","Engineering","Team Lead","Yes"
"PID0497","Business Unit B","Legal","Senior Manager","Yes"
"PID0498","Business Unit A","Customer Service","Director","Yes"
"PID0499","Business Unit B","Operations","Director","Yes"
"PID0500","Business Unit A","Operations","Senior Manager","Yes"
"PID0501","Business Unit E","Legal","Individual Contributor","No"
"PID0502","Business Unit A","Operations","Individual Contributor","No"
"PID0503","Business Unit F","Human Resources","Manager","Yes"
"PID0504","Business Unit E","Customer Service","Manager","Yes"
"PID0505","Business Unit A","Marketing","Individual Contributor","No"
"PID0506","Business Unit B","Sales","Manager","Yes"
"PID0507","Business Unit E","Marketing","Manager","Yes"
"PID0508","Business Unit B","Sales","Manager","Yes"
"PID0509","Business Unit F","Engineering","Director","Yes"
"PID0510","Business Unit E","Human Resources","Manager","Yes"
"PID0511","Business Unit A","Finance","Senior Manager","Yes"
"PID0512","Business Unit F","Operations","Senior Manager","Yes"
"PID0513","Business Unit F","Operations","Team Lead","Yes"
"PID0514","Business Unit D","Sales","Individual Contributor","No"
"PID0515","Business Unit C","Operations","Director","Yes"
"PID0516","Business Unit B","Sales","Manager","Yes"
"PID0517","Business Unit F","Customer Service","Individual Contributor","No"
"PID0518","Business Unit E","Marketing","Individual Contributor","No"
"PID0519","Business Unit E","Sales","Manager","Yes"
"PID0520","Business Unit F","Engineering","Individual Contributor","No"
"PID0521","Business Unit D","Operations","Individual Contributor","No"
"PID0522","Business Unit B","Sales","Senior Manager","Yes"
"PID0523","Business Unit E","Human Resources","Manager","Yes"
"PID0524","Business Unit D","Sales","Director","Yes"
"PID0525","Business Unit F","Human Resources","Individual Contributor","No"
"PID0526","Business Unit D","Engineering","Manager","Yes"
"PID0527","Business Unit F","Human Resources","Director","Yes"
"PID0528","Business Unit A","Engineering","Manager","Yes"
"PID0529","Business Unit D","Finance","Individual Contributor","No"
"PID0530","Business Unit D","Human Resources","Individual Contributor","No"
"PID0531","Business Unit F","Human Resources","Manager","Yes"
"PID0532","Business Unit C","Marketing","Team Lead","Yes"
"PID0533","Business Unit A","Customer Service","Individual Contributor","No"
"PID0534","Business Unit B","Operations","Individual Contributor","No"
"PID0535","Business Unit A","Legal","Individual Contributor","No"
"PID0536","Business Unit D","Sales","Team Lead","Yes"
"PID0537","Business Unit A","Sales","Senior Manager","Yes"
"PID0538","Business Unit E","Customer Service","Senior Manager","Yes"
"PID0539","Business Unit B","Finance","Team Lead","Yes"
"PID0540","Business Unit B","Operations","Senior Manager","Yes"
"PID0541","Business Unit F","Human Resources","Manager","Yes"
"PID0542","Business Unit D","Marketing","Individual Contributor","No"
"PID0543","Business Unit E","Finance","Individual Contributor","No"
"PID0544","Business Unit E","Operations","Team Lead","Yes"
"PID0545","Business Unit F","Sales","Individual Contributor","No"
"PID0546","Business Unit C","Sales","Individual Contributor","No"
"PID0547","Business Unit B","Engineering","Individual Contributor","No"
"PID0548","Business Unit E","Finance","Individual Contributor","No"
"PID0549","Business Unit E","Sales","Manager","Yes"
"PID0550","Business Unit D","Human Resources","Manager","Yes"
"PID0551","Business Unit B","Engineering","Individual Contributor","No"
"PID0552","Business Unit D","Operations","Individual Contributor","No"
"PID0553","Business Unit A","Sales","Team Lead","Yes"
"PID0554","Business Unit F","Human Resources","Team Lead","Yes"
"PID0555","Business Unit E","Engineering","Manager","Yes"
"PID0556","Business Unit C","Legal","Manager","Yes"
"PID0557","Business Unit F","Human Resources","Individual Contributor","No"
"PID0558","Business Unit A","Sales","Senior Manager","Yes"
"PID0559","Business Unit B","Engineering","Individual Contributor","No"
"PID0560","Business Unit C","Operations","Senior Manager","Yes"
"PID0561","Business Unit D","Finance","Director","Yes"
"PID0562","Business Unit F","Operations","Senior Manager","Yes"
"PID0563","Business Unit E","Legal","Team Lead","Yes"
"PID0564","Business Unit C","Operations","Individual Contributor","No"
"PID0565","Business Unit F","Operations","Individual Contributor","No"
"PID0566","Business Unit A","Finance","Senior Manager","Yes"
"PID0567","Business Unit B","Operations","Individual Contributor","No"
"PID0568","Business Unit E","Human Resources","Individual Contributor","No"
"PID0569","Business Unit A","Engineering","Individual Contributor","No"
"PID0570","Business Unit E","Sales","Individual Contributor","No"
"PID0571","Business Unit B","Customer Service","Team Lead","Yes"
"PID0572","Business Unit F","Operations","Individual Contributor","No"
"PID0573","Business Unit F","Sales","Manager","Yes"
"PID0574","Business Unit C","Operations","Team Lead","Yes"
"PID0575","Business Unit C","Customer Service","Team Lead","Yes"
"PID0576","Business Unit D","Human Resources","Manager","Yes"
"PID0577","Business Unit D","Sales","Individual Contributor","No"
"PID0578","Business Unit E","Engineering","Senior Manager","Yes"
"PID0579","Business Unit B","Engineering","Individual Contributor","No"
"PID0580","Business Unit A","Sales","Senior Manager","Yes"
"PID0581","Business Unit F","Human Resources","Individual Contributor","No"
"PID0582","Business Unit D","Operations","Team Lead","Yes"
"PID0583","Business Unit A","Finance","Individual Contributor","No"
"PID0584","Business Unit D","Marketing","Individual Contributor","No"
"PID0585","Business Unit F","Human Resources","Individual Contributor","No"
"PID0586","Business Unit D","Finance","Team Lead","Yes"
"PID0587","Business Unit E","Engineering","Team Lead","Yes"
"PID0588","Business Unit A","Customer Service","Manager","Yes"
"PID0589","Business Unit D","Marketing","Manager","Yes"
"PID0590","Business Unit F","Engineering","Senior Manager","Yes"
"PID0591","Business Unit D","Operations","Manager","Yes"
"PID0592","Business Unit E","Sales","Individual Contributor","No"
"PID0593","Business Unit E","Legal","Team Lead","Yes"
"PID0594","Business Unit B","Engineering","Individual Contributor","No"
"PID0595","Business Unit B","Customer Service","Senior Manager","Yes"
"PID0596","Business Unit C","Operations","Individual Contributor","No"
"PID0597","Business Unit F","Engineering","Individual Contributor","No"
"PID0598","Business Unit F","Human Resources","Individual Contributor","No"
"PID0599","Business Unit C","Legal","Individual Contributor","No"
"PID0600","Business Unit A","Legal","Individual Contributor","No"
"PID0601","Business Unit D","Marketing","Manager","Yes"
"PID0602","Business Unit D","Human Resources","Individual Contributor","No"
"PID0603","Business Unit E","Legal","Individual Contributor","No"
"PID0604","Business Unit A","Sales","Team Lead","Yes"
"PID0605","Business Unit E","Human Resources","Team Lead","Yes"
"PID0606","Business Unit F","Operations","Individual Contributor","No"
"PID0607","Business Unit E","Customer Service","Senior Manager","Yes"
"PID0608","Business Unit E","Finance","Individual Contributor","No"
"PID0609","Business Unit C","Human Resources","Team Lead","Yes"
"PID0610","Business Unit D","Marketing","Individual Contributor","No"
"PID0611","Business Unit C","Customer Service","Team Lead","Yes"
"PID0612","Business Unit B","Marketing","Individual Contributor","No"
"PID0613","Business Unit B","Finance","Team Lead","Yes"
"PID0614","Business Unit B","Engineering","Individual Contributor","No"
"PID0615","Business Unit A","Human Resources","Individual Contributor","No"
"PID0616","Business Unit B","Engineering","Individual Contributor","No"
"PID0617","Business Unit E","Sales","Senior Manager","Yes"
"PID0618","Business Unit B","Operations","Individual Contributor","No"
"PID0619","Business Unit A","Engineering","Manager","Yes"
"PID0620","Business Unit E","Finance","Director","Yes"
"PID0621","Business Unit F","Sales","Individual Contributor","No"
"PID0622","Business Unit F","Engineering","Team Lead","Yes"
"PID0623","Business Unit A","Customer Service","Individual Contributor","No"
"PID0624","Business Unit F","Marketing","Individual Contributor","No"
"PID0625","Business Unit C","Marketing","Individual Contributor","No"
"PID0626","Business Unit F","Engineering","Team Lead","Yes"
"PID0627","Business Unit E","Finance","Individual Contributor","No"
"PID0628","Business Unit A","Finance","Manager","Yes"
"PID0629","Business Unit C","Customer Service","Senior Manager","Yes"
"PID0630","Business Unit F","Customer Service","Team Lead","Yes"
"PID0631","Business Unit B","Sales","Individual Contributor","No"
"PID0632","Business Unit F","Sales","Individual Contributor","No"
"PID0633","Business Unit D","Human Resources","Manager","Yes"
"PID0634","Business Unit B","Legal","Individual Contributor","No"
"PID0635","Business Unit A","Legal","Manager","Yes"
"PID0636","Business Unit A","Customer Service","Individual Contributor","No"
"PID0637","Business Unit B","Finance","Individual Contributor","No"
"PID0638","Business Unit C","Sales","Senior Manager","Yes"
"PID0639","Business Unit E","Finance","Individual Contributor","No"
"PID0640","Business Unit C","Customer Service","Team Lead","Yes"
"PID0641","Business Unit C","Engineering","Manager","Yes"
"PID0642","Business Unit A","Marketing","Team Lead","Yes"
"PID0643","Business Unit F","Marketing","Manager","Yes"
"PID0644","Business Unit E","Human Resources","Team Lead","Yes"
"PID0645","Business Unit E","Sales","Team Lead","Yes"
"PID0646","Business Unit A","Engineering","Manager","Yes"
"PID0647","Business Unit D","Sales","Team Lead","Yes"
"PID0648","Business Unit F","Sales","Director","Yes"
"PID0649","Business Unit C","Engineering","Individual Contributor","No"
"PID0650","Business Unit B","Engineering","Manager","Yes"
"PID0651","Business Unit B","Operations","Individual Contributor","No"
"PID0652","Business Unit F","Legal","Individual Contributor","No"
"PID0653","Business Unit C","Engineering","Manager","Yes"
"PID0654","Business Unit E","Finance","Team Lead","Yes"
"PID0655","Business Unit F","Engineering","Individual Contributor","No"
"PID0656","Business Unit E","Human Resources","Individual Contributor","No"
"PID0657","Business Unit D","Sales","Team Lead","Yes"
"PID0658","Business Unit C","Operations","Team Lead","Yes"
"PID0659","Business Unit D","Engineering","Individual Contributor","No"
"PID0660","Business Unit E","Sales","Individual Contributor","No"
"PID0661","Business Unit F","Engineering","Individual Contributor","No"
"PID0662","Business Unit B","Human Resources","Senior Manager","Yes"
"PID0663","Business Unit C","Finance","Team Lead","Yes"
"PID0664","Business Unit D","Finance","Team Lead","Yes"
"PID0665","Business Unit E","Engineering","Director","Yes"
"PID0666","Business Unit D","Marketing","Manager","Yes"
"PID0667","Business Unit B","Legal","Individual Contributor","No"
"PID0668","Business Unit C","Human Resources","Individual Contributor","No"
"PID0669","Business Unit E","Engineering","Individual Contributor","No"
"PID0670","Business Unit D","Customer Service","Director","Yes"
"PID0671","Business Unit C","Engineering","Individual Contributor","No"
"PID0672","Business Unit D","Sales","Individual Contributor","No"
"PID0673","Business Unit E","Customer Service","Individual Contributor","No"
"PID0674","Business Unit B","Sales","Manager","Yes"
"PID0675","Business Unit A","Engineering","Individual Contributor","No"
"PID0676","Business Unit B","Operations","Individual Contributor","No"
"PID0677","Business Unit F","Finance","Team Lead","Yes"
"PID0678","Business Unit C","Engineering","Individual Contributor","No"
"PID0679","Business Unit D","Operations","Team Lead","Yes"
"PID0680","Business Unit E","Operations","Team Lead","Yes"
"PID0681","Business Unit C","Engineering","Manager","Yes"
"PID0682","Business Unit D","Human Resources","Senior Manager","Yes"
"PID0683","Business Unit A","Engineering","Individual Contributor","No"
"PID0684","Business Unit D","Legal","Director","Yes"
"PID0685","Business Unit F","Engineering","Team Lead","Yes"
"PID0686","Business Unit E","Engineering","Individual Contributor","No"
"PID0687","Business Unit E","Customer Service","Team Lead","Yes"
"PID0688","Business Unit D","Operations","Team Lead","Yes"
"PID0689","Business Unit E","Operations","Team Lead","Yes"
"PID0690","Business Unit D","Engineering","Senior Manager","Yes"
"PID0691","Business Unit F","Sales","Manager","Yes"
"PID0692","Business Unit F","Sales","Senior Manager","Yes"
"PID0693","Business Unit E","Finance","Individual Contributor","No"
"PID0694","Business Unit A","Operations","Individual Contributor","No"
"PID0695","Business Unit F","Human Resources","Director","Yes"
"PID0696","Business Unit F","Engineering","Individual Contributor","No"
"PID0697","Business Unit C","Finance","Individual Contributor","No"
"PID0698","Business Unit E","Customer Service","Senior Manager","Yes"
"PID0699","Business Unit B","Marketing","Team Lead","Yes"
"PID0700","Business Unit A","Engineering","Team Lead","Yes"
"PID0701","Business Unit F","Customer Service","Individual Contributor","No"
"PID0702","Business Unit C","Marketing","Individual Contributor","No"
"PID0703","Business Unit F","Legal","Individual Contributor","No"
"PID0704","Business Unit F","Finance","Manager","Yes"
"PID0705","Business Unit D","Operations","Individual Contributor","No"
"PID0706","Business Unit B","Sales","Individual Contributor","No"
"PID0707","Business Unit F","Customer Service","Director","Yes"
"PID0708","Business Unit E","Marketing","Senior Manager","Yes"
"PID0709","Business Unit D","Customer Service","Team Lead","Yes"
"PID0710","Business Unit F","Finance","Manager","Yes"
"PID0711","Business Unit B","Engineering","Individual Contributor","No"
"PID0712","Business Unit F","Engineering","Manager","Yes"
"PID0713","Business Unit F","Operations","Individual Contributor","No"
"PID0714","Business Unit A","Sales","Manager","Yes"
"PID0715","Business Unit E","Human Resources","Individual Contributor","No"
"PID0716","Business Unit B","Finance","Individual Contributor","No"
"PID0717","Business Unit C","Engineering","Team Lead","Yes"
"PID0718","Business Unit C","Finance","Team Lead","Yes"
"PID0719","Business Unit F","Legal","Individual Contributor","No"
"PID0720","Business Unit C","Operations","Individual Contributor","No"
"PID0721","Business Unit C","Sales","Team Lead","Yes"
"PID0722","Business Unit C","Sales","Individual Contributor","No"
"PID0723","Business Unit A","Customer Service","Individual Contributor","No"
"PID0724","Business Unit E","Customer Service","Manager","Yes"
"PID0725","Business Unit D","Legal","Manager","Yes"
"PID0726","Business Unit B","Engineering","Individual Contributor","No"
"PID0727","Business Unit E","Engineering","Individual Contributor","No"
"PID0728","Business Unit C","Legal","Senior Manager","Yes"
"PID0729","Business Unit B","Customer Service","Team Lead","Yes"
"PID0730","Business Unit A","Engineering","Senior Manager","Yes"
"PID0731","Business Unit C","Human Resources","Individual Contributor","No"
"PID0732","Business Unit F","Operations","Individual Contributor","No"
"PID0733","Business Unit B","Finance","Individual Contributor","No"
"PID0734","Business Unit F","Human Resources","Team Lead","Yes"
"PID0735","Business Unit F","Marketing","Team Lead","Yes"
"PID0736","Business Unit C","Engineering","Senior Manager","Yes"
"PID0737","Business Unit A","Marketing","Senior Manager","Yes"
"PID0738","Business Unit A","Marketing","Team Lead","Yes"
"PID0739","Business Unit E","Sales","Senior Manager","Yes"
"PID0740","Business Unit D","Customer Service","Manager","Yes"
"PID0741","Business Unit E","Sales","Individual Contributor","No"
"PID0742","Business Unit D","Customer Service","Manager","Yes"
"PID0743","Business Unit A","Finance","Individual Contributor","No"
"PID0744","Business Unit A","Engineering","Senior Manager","Yes"
"PID0745","Business Unit D","Operations","Individual Contributor","No"
"PID0746","Business Unit A","Operations","Individual Contributor","No"
"PID0747","Business Unit F","Sales","Individual Contributor","No"
"PID0748","Business Unit E","Finance","Team Lead","Yes"
"PID0749","Business Unit F","Customer Service","Team Lead","Yes"
"PID0750","Business Unit B","Customer Service","Individual Contributor","No"
"PID0751","Business Unit E","Engineering","Individual Contributor","No"
"PID0752","Business Unit F","Human Resources","Individual Contributor","No"
"PID0753","Business Unit D","Operations","Manager","Yes"
"PID0754","Business Unit D","Sales","Individual Contributor","No"
"PID0755","Business Unit B","Operations","Manager","Yes"
"PID0756","Business Unit C","Sales","Individual Contributor","No"
"PID0757","Business Unit C","Sales","Individual Contributor","No"
"PID0758","Business Unit D","Customer Service","Team Lead","Yes"
"PID0759","Business Unit C","Engineering","Team Lead","Yes"
"PID0760","Business Unit B","Finance","Individual Contributor","No"
"PID0761","Business Unit D","Finance","Individual Contributor","No"
"PID0762","Business Unit B","Human Resources","Team Lead","Yes"
"PID0763","Business Unit D","Engineering","Manager","Yes"
"PID0764","Business Unit B","Marketing","Team Lead","Yes"
"PID0765","Business Unit B","Engineering","Individual Contributor","No"
"PID0766","Business Unit A","Marketing","Senior Manager","Yes"
"PID0767","Business Unit E","Human Resources","Individual Contributor","No"
"PID0768","Business Unit C","Human Resources","Individual Contributor","No"
"PID0769","Business Unit D","Marketing","Director","Yes"
"PID0770","Business Unit E","Operations","Director","Yes"
"PID0771","Business Unit B","Sales","Team Lead","Yes"
"PID0772","Business Unit D","Customer Service","Team Lead","Yes"
"PID0773","Business Unit A","Operations","Team Lead","Yes"
"PID0774","Business Unit F","Legal","Senior Manager","Yes"
"PID0775","Business Unit A","Legal","Individual Contributor","No"
"PID0776","Business Unit A","Operations","Individual Contributor","No"
"PID0777","Business Unit A","Engineering","Individual Contributor","No"
"PID0778","Business Unit C","Marketing","Director","Yes"
"PID0779","Business Unit C","Sales","Individual Contributor","No"
"PID0780","Business Unit D","Finance","Team Lead","Yes"
"PID0781","Business Unit D","Legal","Team Lead","Yes"
"PID0782","Business Unit F","Legal","Individual Contributor","No"
"PID0783","Business Unit B","Engineering","Individual Contributor","No"
"PID0784","Business Unit A","Legal","Individual Contributor","No"
"PID0785","Business Unit C","Legal","Manager","Yes"
"PID0786","Business Unit C","Sales","Team Lead","Yes"
"PID0787","Business Unit E","Operations","Manager","Yes"
"PID0788","Business Unit B","Finance","Individual Contributor","No"
"PID0789","Business Unit B","Sales","Senior Manager","Yes"
"PID0790","Business Unit A","Engineering","Individual Contributor","No"
"PID0791","Business Unit B","Finance","Manager","Yes"
"PID0792","Business Unit D","Customer Service","Individual Contributor","No"
"PID0793","Business Unit C","Human Resources","Team Lead","Yes"
"PID0794","Business Unit D","Marketing","Individual Contributor","No"
"PID0795","Business Unit A","Sales","Manager","Yes"
"PID0796","Business Unit C","Legal","Individual Contributor","No"
"PID0797","Business Unit E","Finance","Individual Contributor","No"
"PID0798","Business Unit C","Sales","Individual Contributor","No"
"PID0799","Business Unit F","Sales","Manager","Yes"
"PID0800","Business Unit E","Finance","Individual Contributor","No"
"PID0801","Business Unit F","Customer Service","Individual Contributor","No"
"PID0802","Business Unit F","Sales","Manager","Yes"
"PID0803","Business Unit D","Finance","Manager","Yes"
"PID0804","Business Unit D","Engineering","Individual Contributor","No"
"PID0805","Business Unit B","Marketing","Individual Contributor","No"
"PID0806","Business Unit B","Sales","Director","Yes"
"PID0807","Business Unit D","Finance","Senior Manager","Yes"
"PID0808","Business Unit D","Finance","Director","Yes"
"PID0809","Business Unit A","Marketing","Individual Contributor","No"
"PID0810","Business Unit A","Sales","Individual Contributor","No"
"PID0811","Business Unit D","Customer Service","Individual Contributor","No"
"PID0812","Business Unit E","Marketing","Individual Contributor","No"
"PID0813","Business Unit E","Customer Service","Individual Contributor","No"
"PID0814","Business Unit C","Sales","Team Lead","Yes"
"PID0815","Business Unit A","Finance","Team Lead","Yes"
"PID0816","Business Unit A","Operations","Individual Contributor","No"
"PID0817","Business Unit C","Engineering","Individual Contributor","No"
"PID0818","Business Unit F","Marketing","Senior Manager","Yes"
"PID0819","Business Unit D","Customer Service","Director","Yes"
"PID0820","Business Unit E","Engineering","Team Lead","Yes"
"PID0821","Business Unit B","Legal","Individual Contributor","No"
"PID0822","Business Unit B","Marketing","Individual Contributor","No"
"PID0823","Business Unit F","Operations","Individual Contributor","No"
"PID0824","Business Unit A","Sales","Individual Contributor","No"
"PID0825","Business Unit D","Customer Service","Team Lead","Yes"
"PID0826","Business Unit E","Engineering","Individual Contributor","No"
"PID0827","Business Unit B","Sales","Team Lead","Yes"
"PID0828","Business Unit A","Operations","Individual Contributor","No"
"PID0829","Business Unit E","Operations","Manager","Yes"
"PID0830","Business Unit F","Human Resources","Senior Manager","Yes"
"PID0831","Business Unit A","Customer Service","Team Lead","Yes"
"PID0832","Business Unit F","Engineering","Individual Contributor","No"
"PID0833","Business Unit D","Marketing","Individual Contributor","No"
"PID0834","Business Unit D","Human Resources","Manager","Yes"
"PID0835","Business Unit C","Finance","Team Lead","Yes"
"PID0836","Business Unit F","Human Resources","Individual Contributor","No"
"PID0837","Business Unit C","Customer Service","Senior Manager","Yes"
"PID0838","Business Unit A","Human Resources","Individual Contributor","No"
"PID0839","Business Unit E","Sales","Individual Contributor","No"
"PID0840","Business Unit D","Customer Service","Individual Contributor","No"
"PID0841","Business Unit F","Operations","Senior Manager","Yes"
"PID0842","Business Unit E","Operations","Individual Contributor","No"
"PID0843","Business Unit C","Finance","Manager","Yes"
"PID0844","Business Unit B","Engineering","Director","Yes"
"PID0845","Business Unit B","Sales","Individual Contributor","No"
"PID0846","Business Unit B","Customer Service","Team Lead","Yes"
"PID0847","Business Unit C","Operations","Individual Contributor","No"
"PID0848","Business Unit B","Customer Service","Team Lead","Yes"
"PID0849","Business Unit C","Finance","Individual Contributor","No"
"PID0850","Business Unit B","Legal","Team Lead","Yes"
"PID0851","Business Unit A","Engineering","Senior Manager","Yes"
"PID0852","Business Unit B","Sales","Team Lead","Yes"
"PID0853","Business Unit C","Customer Service","Team Lead","Yes"
"PID0854","Business Unit C","Operations","Individual Contributor","No"
"PID0855","Business Unit C","Operations","Team Lead","Yes"
"PID0856","Business Unit F","Marketing","Individual Contributor","No"
"PID0857","Business Unit A","Finance","Individual Contributor","No"
"PID0858","Business Unit F","Marketing","Individual Contributor","No"
"PID0859","Business Unit B","Human Resources","Individual Contributor","No"
"PID0860","Business Unit B","Operations","Individual Contributor","No"
"PID0861","Business Unit D","Operations","Director","Yes"
"PID0862","Business Unit E","Finance","Individual Contributor","No"
"PID0863","Business Unit F","Finance","Individual Contributor","No"
"PID0864","Business Unit B","Operations","Individual Contributor","No"
"PID0865","Business Unit A","Customer Service","Team Lead","Yes"
"PID0866","Business Unit A","Operations","Team Lead","Yes"
"PID0867","Business Unit E","Sales","Manager","Yes"
"PID0868","Business Unit A","Operations","Individual Contributor","No"
"PID0869","Business Unit C","Operations","Individual Contributor","No"
"PID0870","Business Unit A","Customer Service","Team Lead","Yes"
"PID0871","Business Unit E","Finance","Team Lead","Yes"
"PID0872","Business Unit D","Engineering","Team Lead","Yes"
"PID0873","Business Unit A","Finance","Individual Contributor","No"
"PID0874","Business Unit A","Marketing","Manager","Yes"
"PID0875","Business Unit A","Engineering","Individual Contributor","No"
"PID0876","Business Unit A","Marketing","Team Lead","Yes"
"PID0877","Business Unit D","Sales","Senior Manager","Yes"
"PID0878","Business Unit C","Customer Service","Manager","Yes"
"PID0879","Business Unit A","Customer Service","Individual Contributor","No"
"PID0880","Business Unit B","Legal","Senior Manager","Yes"
"PID0881","Business Unit A","Engineering","Team Lead","Yes"
"PID0882","Business Unit A","Finance","Team Lead","Yes"
"PID0883","Business Unit E","Finance","Individual Contributor","No"
"PID0884","Business Unit A","Marketing","Manager","Yes"
"PID0885","Business Unit D","Engineering","Individual Contributor","No"
"PID0886","Business Unit A","Customer Service","Individual Contributor","No"
"PID0887","Business Unit F","Finance","Individual Contributor","No"
"PID0888","Business Unit B","Human Resources","Individual Contributor","No"
"PID0889","Business Unit E","Sales","Individual Contributor","No"
"PID0890","Business Unit F","Sales","Individual Contributor","No"
"PID0891","Business Unit A","Human Resources","Senior Manager","Yes"
"PID0892","Business Unit A","Operations","Individual Contributor","No"
"PID0893","Business Unit D","Engineering","Team Lead","Yes"
"PID0894","Business Unit B","Marketing","Team Lead","Yes"
"PID0895","Business Unit B","Human Resources","Senior Manager","Yes"
"PID0896","Business Unit B","Operations","Team Lead","Yes"
"PID0897","Business Unit D","Engineering","Individual Contributor","No"
"PID0898","Business Unit B","Engineering","Individual Contributor","No"
"PID0899","Business Unit F","Finance","Team Lead","Yes"
"PID0900","Business Unit D","Human Resources","Team Lead","Yes"
"PID0901","Business Unit F","Human Resources","Individual Contributor","No"
"PID0902","Business Unit D","Marketing","Manager","Yes"
"PID0903","Business Unit E","Sales","Team Lead","Yes"
"PID0904","Business Unit D","Human Resources","Individual Contributor","No"
"PID0905","Business Unit D","Marketing","Individual Contributor","No"
"PID0906","Business Unit B","Marketing","Individual Contributor","No"
"PID0907","Business Unit B","Human Resources","Manager","Yes"
"PID0908","Business Unit F","Sales","Team Lead","Yes"
"PID0909","Business Unit B","Operations","Team Lead","Yes"
"PID0910","Business Unit F","Engineering","Individual Contributor","No"
"PID0911","Business Unit B","Marketing","Manager","Yes"
"PID0912","Business Unit B","Operations","Senior Manager","Yes"
"PID0913","Business Unit C","Finance","Individual Contributor","No"
"PID0914","Business Unit D","Customer Service","Individual Contributor","No"
"PID0915","Business Unit F","Engineering","Individual Contributor","No"
"PID0916","Business Unit E","Marketing","Individual Contributor","No"
"PID0917","Business Unit D","Operations","Manager","Yes"
"PID0918","Business Unit E","Customer Service","Individual Contributor","No"
"PID0919","Business Unit D","Human Resources","Individual Contributor","No"
"PID0920","Business Unit E","Marketing","Manager","Yes"
"PID0921","Business Unit C","Customer Service","Senior Manager","Yes"
"PID0922","Business Unit E","Finance","Individual Contributor","No"
"PID0923","Business Unit F","Finance","Senior Manager","Yes"
"PID0924","Business Unit A","Customer Service","Team Lead","Yes"
"PID0925","Business Unit C","Marketing","Manager","Yes"
"PID0926","Business Unit D","Engineering","Manager","Yes"
"PID0927","Business Unit B","Sales","Manager","Yes"
"PID0928","Business Unit E","Customer Service","Senior Manager","Yes"
"PID0929","Business Unit A","Legal","Individual Contributor","No"
"PID0930","Business Unit E","Customer Service","Individual Contributor","No"
"PID0931","Business Unit A","Operations","Senior Manager","Yes"
"PID0932","Business Unit D","Engineering","Manager","Yes"
"PID0933","Business Unit F","Marketing","Individual Contributor","No"
"PID0934","Business Unit C","Customer Service","Team Lead","Yes"
"PID0935","Business Unit A","Engineering","Senior Manager","Yes"
"PID0936","Business Unit E","Human Resources","Team Lead","Yes"
"PID0937","Business Unit B","Customer Service","Individual Contributor","No"
"PID0938","Business Unit E","Operations","Team Lead","Yes"
"PID0939","Business Unit D","Operations","Team Lead","Yes"
"PID0940","Business Unit F","Operations","Manager","Yes"
"PID0941","Business Unit C","Marketing","Individual Contributor","No"
"PID0942","Business Unit D","Legal","Team Lead","Yes"
"PID0943","Business Unit F","Customer Service","Manager","Yes"
"PID0944","Business Unit D","Sales","Individual Contributor","No"
"PID0945","Business Unit C","Sales","Manager","Yes"
"PID0946","Business Unit B","Engineering","Team Lead","Yes"
"PID0947","Business Unit F","Engineering","Team Lead","Yes"
"PID0948","Business Unit C","Engineering","Team Lead","Yes"
"PID0949","Business Unit B","Finance","Team Lead","Yes"
"PID0950","Business Unit A","Legal","Manager","Yes"
"PID0951","Business Unit B","Sales","Individual Contributor","No"
"PID0952","Business Unit B","Human Resources","Individual Contributor","No"
"PID0953","Business Unit C","Human Resources","Team Lead","Yes"
"PID0954","Business Unit F","Customer Service","Team Lead","Yes"
"PID0955","Business Unit E","Customer Service","Team Lead","Yes"
"PID0956","Business Unit A","Engineering","Individual Contributor","No"
"PID0957","Business Unit F","Operations","Individual Contributor","No"
"PID0958","Business Unit C","Engineering","Team Lead","Yes"
"PID0959","Business Unit C","Customer Service","Individual Contributor","No"
"PID0960","Business Unit C","Engineering","Individual Contributor","No"
"PID0961","Business Unit D","Finance","Individual Contributor","No"
"PID0962","Business Unit C","Engineering","Director","Yes"
"PID0963","Business Unit B","Marketing","Senior Manager","Yes"
"PID0964","Business Unit A","Customer Service","Team Lead","Yes"
"PID0965","Business Unit F","Customer Service","Team Lead","Yes"
"PID0966","Business Unit C","Human Resources","Individual Contributor","No"
"PID0967","Business Unit A","Marketing","Individual Contributor","No"
"PID0968","Business Unit D","Operations","Individual Contributor","No"
"PID0969","Business Unit C","Human Resources","Individual Contributor","No"
"PID0970","Business Unit C","Operations","Team Lead","Yes"
"PID0971","Business Unit B","Engineering","Manager","Yes"
"PID0972","Business Unit B","Engineering","Team Lead","Yes"
"PID0973","Business Unit E","Finance","Senior Manager","Yes"
"PID0974","Business Unit C","Engineering","Team Lead","Yes"
"PID0975","Business Unit E","Sales","Team Lead","Yes"
"PID0976","Business Unit A","Operations","Team Lead","Yes"
"PID0977","Business Unit C","Sales","Individual Contributor","No"
"PID0978","Business Unit A","Engineering","Individual Contributor","No"
"PID0979","Business Unit A","Engineering","Individual Contributor","No"
"PID0980","Business Unit C","Legal","Manager","Yes"
"PID0981","Business Unit A","Human Resources","Manager","Yes"
"PID0982","Business Unit F","Customer Service","Manager","Yes"
"PID0983","Business Unit B","Engineering","Individual Contributor","No"
"PID0984","Business Unit E","Marketing","Individual Contributor","No"
"PID0985","Business Unit E","Operations","Individual Contributor","No"
"PID0986","Business Unit E","Operations","Individual Contributor","No"
"PID0987","Business Unit A","Marketing","Manager","Yes"
"PID0988","Business Unit A","Sales","Individual Contributor","No"
"PID0989","Business Unit C","Marketing","Individual Contributor","No"
"PID0990","Business Unit B","Engineering","Individual Contributor","No"
"PID0991","Business Unit E","Marketing","Individual Contributor","No"
"PID0992","Business Unit B","Operations","Individual Contributor","No"
"PID0993","Business Unit E","Customer Service","Individual Contributor","No"
"PID0994","Business Unit E","Operations","Individual Contributor","No"
"PID0995","Business Unit B","Operations","Individual Contributor","No"
"PID0996","Business Unit D","Customer Service","Senior Manager","Yes"
"PID0997","Business Unit B","Human Resources","Individual Contributor","No"
"PID0998","Business Unit E","Sales","Manager","Yes"
"PID0999","Business Unit D","Human Resources","Individual Contributor","No"
"PID1000","Business Unit D","Sales","Individual Contributor","No"
"PID1001","Business Unit B","Operations","Individual Contributor","No"
"PID1002","Business Unit F","Marketing","Team Lead","Yes"
"PID1003","Business Unit E","Human Resources","Senior Manager","Yes"
"PID1004","Business Unit F","Operations","Team Lead","Yes"
"PID1005","Business Unit C","Legal","Individual Contributor","No"
"PID1006","Business Unit E","Marketing","Director","Yes"
"PID1007","Business Unit E","Human Resources","Team Lead","Yes"
"PID1008","Business Unit E","Finance","Individual Contributor","No"
"PID1009","Business Unit F","Engineering","Individual Contributor","No"
"PID1010","Business Unit D","Engineering","Individual Contributor","No"
"PID1011","Business Unit E","Engineering","Individual Contributor","No"
"PID1012","Business Unit B","Engineering","Team Lead","Yes"
"PID1013","Business Unit B","Marketing","Manager","Yes"
"PID1014","Business Unit E","Human Resources","Individual Contributor","No"
"PID1015","Business Unit B","Engineering","Individual Contributor","No"
"PID1016","Business Unit D","Sales","Team Lead","Yes"
"PID1017","Business Unit D","Legal","Individual Contributor","No"
"PID1018","Business Unit E","Customer Service","Individual Contributor","No"
"PID1019","Business Unit A","Operations","Individual Contributor","No"
"PID1020","Business Unit B","Sales","Individual Contributor","No"
"PID1021","Business Unit C","Marketing","Team Lead","Yes"
"PID1022","Business Unit A","Engineering","Senior Manager","Yes"
"PID1023","Business Unit A","Marketing","Director","Yes"
"PID1024","Business Unit F","Customer Service","Team Lead","Yes"
"PID1025","Business Unit B","Sales","Manager","Yes"
"PID1026","Business Unit C","Marketing","Team Lead","Yes"
"PID1027","Business Unit E","Marketing","Individual Contributor","No"
"PID1028","Business Unit A","Operations","Team Lead","Yes"
"PID1029","Business Unit E","Marketing","Senior Manager","Yes"
"PID1030","Business Unit C","Operations","Individual Contributor","No"
"PID1031","Business Unit C","Engineering","Manager","Yes"
"PID1032","Business Unit A","Operations","Individual Contributor","No"
"PID1033","Business Unit C","Engineering","Senior Manager","Yes"
"PID1034","Business Unit A","Human Resources","Team Lead","Yes"
"PID1035","Business Unit A","Sales","Senior Manager","Yes"
"PID1036","Business Unit D","Finance","Individual Contributor","No"
"PID1037","Business Unit D","Finance","Manager","Yes"
"PID1038","Business Unit A","Engineering","Individual Contributor","No"
"PID1039","Business Unit F","Human Resources","Individual Contributor","No"
"PID1040","Business Unit A","Operations","Individual Contributor","No"
"PID1041","Business Unit F","Engineering","Individual Contributor","No"
"PID1042","Business Unit C","Engineering","Individual Contributor","No"
"PID1043","Business Unit B","Legal","Senior Manager","Yes"
"PID1044","Business Unit D","Sales","Team Lead","Yes"
"PID1045","Business Unit A","Sales","Individual Contributor","No"
"PID1046","Business Unit A","Sales","Individual Contributor","No"
"PID1047","Business Unit F","Customer Service","Individual Contributor","No"
"PID1048","Business Unit C","Customer Service","Team Lead","Yes"
"PID1049","Business Unit A","Finance","Team Lead","Yes"
"PID1050","Business Unit D","Engineering","Senior Manager","Yes"
"PID1051","Business Unit B","Sales","Team Lead","Yes"
"PID1052","Business Unit E","Engineering","Individual Contributor","No"
"PID1053","Business Unit D","Marketing","Individual Contributor","No"
"PID1054","Business Unit F","Operations","Manager","Yes"
"PID1055","Business Unit B","Engineering","Team Lead","Yes"
"PID1056","Business Unit C","Engineering","Individual Contributor","No"
"PID1057","Business Unit A","Engineering","Senior Manager","Yes"
"PID1058","Business Unit D","Marketing","Individual Contributor","No"
"PID1059","Business Unit C","Engineering","Team Lead","Yes"
"PID1060","Business Unit C","Operations","Individual Contributor","No"
"PID1061","Business Unit A","Engineering","Individual Contributor","No"
"PID1062","Business Unit A","Engineering","Individual Contributor","No"
"PID1063","Business Unit A","Engineering","Team Lead","Yes"
"PID1064","Business Unit E","Marketing","Individual Contributor","No"
"PID1065","Business Unit C","Human Resources","Team Lead","Yes"
"PID1066","Business Unit F","Finance","Individual Contributor","No"
"PID1067","Business Unit B","Marketing","Team Lead","Yes"
"PID1068","Business Unit D","Engineering","Individual Contributor","No"
"PID1069","Business Unit A","Human Resources","Team Lead","Yes"
"PID1070","Business Unit F","Customer Service","Manager","Yes"
"PID1071","Business Unit D","Operations","Team Lead","Yes"
"PID1072","Business Unit D","Engineering","Individual Contributor","No"
"PID1073","Business Unit B","Operations","Manager","Yes"
"PID1074","Business Unit D","Human Resources","Individual Contributor","No"
"PID1075","Business Unit F","Customer Service","Individual Contributor","No"
"PID1076","Business Unit A","Legal","Manager","Yes"
"PID1077","Business Unit E","Human Resources","Individual Contributor","No"
"PID1078","Business Unit F","Sales","Individual Contributor","No"
"PID1079","Business Unit E","Engineering","Senior Manager","Yes"
"PID1080","Business Unit B","Marketing","Individual Contributor","No"
"PID1081","Business Unit C","Sales","Manager","Yes"
"PID1082","Business Unit B","Human Resources","Team Lead","Yes"
"PID1083","Business Unit B","Customer Service","Team Lead","Yes"
"PID1084","Business Unit F","Operations","Individual Contributor","No"
"PID1085","Business Unit A","Operations","Individual Contributor","No"
"PID1086","Business Unit A","Finance","Team Lead","Yes"
"PID1087","Business Unit E","Operations","Team Lead","Yes"
"PID1088","Business Unit E","Customer Service","Individual Contributor","No"
"PID1089","Business Unit D","Customer Service","Individual Contributor","No"
"PID1090","Business Unit A","Operations","Individual Contributor","No"
"PID1091","Business Unit E","Customer Service","Team Lead","Yes"
"PID1092","Business Unit E","Finance","Senior Manager","Yes"
"PID1093","Business Unit B","Finance","Individual Contributor","No"
"PID1094","Business Unit F","Customer Service","Individual Contributor","No"
"PID1095","Business Unit A","Engineering","Manager","Yes"
"PID1096","Business Unit C","Marketing","Manager","Yes"
"PID1097","Business Unit B","Marketing","Manager","Yes"
"PID1098","Business Unit D","Customer Service","Individual Contributor","No"
"PID1099","Business Unit D","Marketing","Individual Contributor","No"
"PID1100","Business Unit B","Engineering","Individual Contributor","No"
"PID1101","Business Unit F","Marketing","Team Lead","Yes"
"PID1102","Business Unit C","Finance","Team Lead","Yes"
"PID1103","Business Unit D","Engineering","Individual Contributor","No"
"PID1104","Business Unit B","Marketing","Manager","Yes"
"PID1105","Business Unit A","Sales","Individual Contributor","No"
"PID1106","Business Unit D","Engineering","Individual Contributor","No"
"PID1107","Business Unit E","Engineering","Team Lead","Yes"
"PID1108","Business Unit B","Engineering","Individual Contributor","No"
"PID1109","Business Unit E","Finance","Senior Manager","Yes"
"PID1110","Business Unit D","Sales","Manager","Yes"
"PID1111","Business Unit B","Human Resources","Manager","Yes"
"PID1112","Business Unit C","Sales","Manager","Yes"
"PID1113","Business Unit E","Sales","Individual Contributor","No"
"PID1114","Business Unit F","Operations","Individual Contributor","No"
"PID1115","Business Unit F","Finance","Individual Contributor","No"
"PID1116","Business Unit C","Human Resources","Individual Contributor","No"
"PID1117","Business Unit C","Engineering","Individual Contributor","No"
"PID1118","Business Unit B","Engineering","Manager","Yes"
"PID1119","Business Unit D","Operations","Manager","Yes"
"PID1120","Business Unit F","Engineering","Director","Yes"
"PID1121","Business Unit F","Marketing","Team Lead","Yes"
"PID1122","Business Unit D","Customer Service","Team Lead","Yes"
"PID1123","Business Unit F","Operations","Manager","Yes"
"PID1124","Business Unit C","Sales","Manager","Yes"
"PID1125","Business Unit F","Marketing","Individual Contributor","No"
"PID1126","Business Unit F","Engineering","Team Lead","Yes"
"PID1127","Business Unit D","Sales","Team Lead","Yes"
"PID1128","Business Unit E","Marketing","Manager","Yes"
"PID1129","Business Unit E","Operations","Team Lead","Yes"
"PID1130","Business Unit B","Customer Service","Manager","Yes"
"PID1131","Business Unit C","Engineering","Team Lead","Yes"
"PID1132","Business Unit B","Engineering","Team Lead","Yes"
"PID1133","Business Unit C","Engineering","Senior Manager","Yes"
"PID1134","Business Unit F","Engineering","Team Lead","Yes"
"PID1135","Business Unit F","Customer Service","Individual Contributor","No"
"PID1136","Business Unit B","Operations","Manager","Yes"
"PID1137","Business Unit C","Engineering","Senior Manager","Yes"
"PID1138","Business Unit A","Finance","Senior Manager","Yes"
"PID1139","Business Unit F","Operations","Team Lead","Yes"
"PID1140","Business Unit E","Engineering","Senior Manager","Yes"
"PID1141","Business Unit C","Human Resources","Individual Contributor","No"
"PID1142","Business Unit B","Sales","Individual Contributor","No"
"PID1143","Business Unit F","Engineering","Individual Contributor","No"
"PID1144","Business Unit F","Engineering","Individual Contributor","No"
"PID1145","Business Unit C","Operations","Manager","Yes"
"PID1146","Business Unit E","Sales","Director","Yes"
"PID1147","Business Unit C","Engineering","Senior Manager","Yes"
"PID1148","Business Unit C","Sales","Manager","Yes"
"PID1149","Business Unit B","Operations","Individual Contributor","No"
"PID1150","Business Unit F","Human Resources","Individual Contributor","No"
"PID1151","Business Unit C","Finance","Individual Contributor","No"
"PID1152","Business Unit B","Customer Service","Team Lead","Yes"
"PID1153","Business Unit C","Legal","Individual Contributor","No"
"PID1154","Business Unit B","Marketing","Individual Contributor","No"
"PID1155","Business Unit F","Engineering","Director","Yes"
"PID1156","Business Unit B","Engineering","Senior Manager","Yes"
"PID1157","Business Unit B","Finance","Manager","Yes"
"PID1158","Business Unit F","Finance","Individual Contributor","No"
"PID1159","Business Unit F","Sales","Individual Contributor","No"
"PID1160","Business Unit E","Sales","Individual Contributor","No"
"PID1161","Business Unit E","Operations","Individual Contributor","No"
"PID1162","Business Unit F","Human Resources","Director","Yes"
"PID1163","Business Unit C","Finance","Individual Contributor","No"
"PID1164","Business Unit E","Engineering","Individual Contributor","No"
"PID1165","Business Unit F","Customer Service","Senior Manager","Yes"
"PID1166","Business Unit A","Marketing","Individual Contributor","No"
"PID1167","Business Unit E","Human Resources","Senior Manager","Yes"
"PID1168","Business Unit D","Customer Service","Individual Contributor","No"
"PID1169","Business Unit B","Marketing","Individual Contributor","No"
"PID1170","Business Unit C","Sales","Individual Contributor","No"
"PID1171","Business Unit F","Sales","Senior Manager","Yes"
"PID1172","Business Unit F","Sales","Individual Contributor","No"
"PID1173","Business Unit E","Engineering","Director","Yes"
"PID1174","Business Unit E","Sales","Manager","Yes"
"PID1175","Business Unit D","Legal","Senior Manager","Yes"
"PID1176","Business Unit F","Operations","Individual Contributor","No"
"PID1177","Business Unit D","Finance","Individual Contributor","No"
"PID1178","Business Unit B","Sales","Senior Manager","Yes"
"PID1179","Business Unit D","Sales","Manager","Yes"
"PID1180","Business Unit D","Finance","Individual Contributor","No"
"PID1181","Business Unit F","Sales","Individual Contributor","No"
"PID1182","Business Unit E","Customer Service","Team Lead","Yes"
"PID1183","Business Unit D","Engineering","Senior Manager","Yes"
"PID1184","Business Unit A","Customer Service","Individual Contributor","No"
"PID1185","Business Unit F","Customer Service","Senior Manager","Yes"
"PID1186","Business Unit D","Legal","Manager","Yes"
"PID1187","Business Unit C","Engineering","Individual Contributor","No"
"PID1188","Business Unit E","Engineering","Director","Yes"
"PID1189","Business Unit F","Engineering","Team Lead","Yes"
"PID1190","Business Unit F","Customer Service","Team Lead","Yes"
"PID1191","Business Unit B","Operations","Individual Contributor","No"
"PID1192","Business Unit B","Finance","Manager","Yes"
"PID1193","Business Unit C","Human Resources","Senior Manager","Yes"
"PID1194","Business Unit D","Sales","Team Lead","Yes"
"PID1195","Business Unit C","Engineering","Individual Contributor","No"
"PID1196","Business Unit E","Human Resources","Team Lead","Yes"
"PID1197","Business Unit B","Sales","Team Lead","Yes"
"PID1198","Business Unit A","Finance","Individual Contributor","No"
"PID1199","Business Unit D","Sales","Manager","Yes"
"PID1200","Business Unit A","Marketing","Individual Contributor","No"
