PersonId,MetricDate,CollaborationHours,CopilotActions,CustomOutcome,OutcomePeriod
synthetic-P0000,2024-01-01,15.1282342607,16,60.8643245986,2024-01
synthetic-P0000,2024-02-01,11.7647902474,27,54.0957560878,2024-02
synthetic-P0000,2024-03-01,13.4534064379,38,57.5528281673,2024-03
synthetic-P0000,2024-04-01,,49,53.7965852599,2024-04
synthetic-P0000,2024-05-01,14.9528758356,60,61.1718727364,2024-05
synthetic-P0000,2024-06-01,14.8739687251,11,61.2727608108,2024-06
synthetic-P0000,2024-07-01,14.4348144806,22,60.9694097652,2024-07
synthetic-P0000,2024-08-01,13.8800258811,33,60.0563621298,2024-08
synthetic-P0000,2024-09-01,12.4784901979,44,57.8067678738,2024-09
synthetic-P0000,2024-10-01,15.0682720278,55,63.2341110379,2024-10
synthetic-P0000,2024-11-01,13.9424072842,6,61.1064426253,2024-11
synthetic-P0000,2024-12-01,11.1382723141,17,55.5185103980,2024-12
synthetic-P0001,2024-01-01,14.5618056184,23,60.2080569702,2024-01
synthetic-P0001,2024-02-01,15.0271535061,34,61.7369202230,2024-02
synthetic-P0001,2024-03-01,15.0619899936,45,62.0400304674,2024-03
synthetic-P0001,2024-04-01,,56,58.9076219734,2024-04
synthetic-P0001,2024-05-01,15.6197068246,7,63.3202957384,2024-05
synthetic-P0001,2024-06-01,15.6840870341,18,63.9219956813,2024-06
synthetic-P0001,2024-07-01,13.5750300611,29,60.3260666827,2024-07
synthetic-P0001,2024-08-01,13.0309342665,40,59.5272130310,2024-08
synthetic-P0001,2024-09-01,13.3091522420,51,59.9781087651,2024-09
synthetic-P0001,2024-10-01,11.9740920833,62,57.4691252475,2024-10
synthetic-P0001,2024-11-01,11.4007951685,13,56.5709676770,2024-11
synthetic-P0001,2024-12-01,13.6249402194,24,61.9125462264,2024-12
synthetic-P0002,2024-01-01,12.1017723405,30,56.0655046775,2024-01
synthetic-P0002,2024-02-01,14.6735620628,41,61.4645494206,2024-02
synthetic-P0002,2024-03-01,11.2518271593,52,55.0669998971,2024-03
synthetic-P0002,2024-04-01,,63,63.2224233211,2024-04
synthetic-P0002,2024-05-01,11.8763635100,14,56.2994118974,2024-05
synthetic-P0002,2024-06-01,13.1570612153,25,59.8632332097,2024-06
synthetic-P0002,2024-07-01,10.4973382248,36,54.3905339651,2024-07
synthetic-P0002,2024-08-01,11.4045453890,47,56.6744963682,2024-08
synthetic-P0002,2024-09-01,14.7816184380,58,63.7105013892,2024-09
synthetic-P0002,2024-10-01,13.3712218418,9,60.8826560493,2024-10
synthetic-P0002,2024-11-01,15.1719153896,20,65.3559299216,2024-11
synthetic-P0002,2024-12-01,14.0073472238,31,63.0229439016,2024-12
synthetic-P0003,2024-01-01,12.6642301495,37,57.8847307722,2024-01
synthetic-P0003,2024-02-01,13.5398685174,48,59.5900624216,2024-02
synthetic-P0003,2024-03-01,13.9928310829,59,60.6650055567,2024-03
synthetic-P0003,2024-04-01,,10,63.2665324678,2024-04
synthetic-P0003,2024-05-01,11.6740027825,21,56.5635478137,2024-05
synthetic-P0003,2024-06-01,11.7485219215,32,57.5855664562,2024-06
synthetic-P0003,2024-07-01,11.3814640103,43,57.0677503552,2024-07
synthetic-P0003,2024-08-01,12.0837641335,54,58.4195082793,2024-08
synthetic-P0003,2024-09-01,11.1239556325,5,57.0257199747,2024-09
synthetic-P0003,2024-10-01,14.8474063855,16,65.1722567477,2024-10
synthetic-P0003,2024-11-01,16.6222183743,27,68.4818160701,2024-11
synthetic-P0003,2024-12-01,13.3613770662,38,62.0235171418,2024-12
synthetic-P0004,2024-01-01,12.4813342655,44,58.2147489468,2024-01
synthetic-P0004,2024-02-01,10.3296595903,55,54.2460206911,2024-02
synthetic-P0004,2024-03-01,10.8468811786,6,55.2211226768,2024-03
synthetic-P0004,2024-04-01,,17,56.9834228068,2024-04
synthetic-P0004,2024-05-01,15.3122789296,28,65.2194099615,2024-05
synthetic-P0004,2024-06-01,14.9854566275,39,64.6731768157,2024-06
synthetic-P0004,2024-07-01,15.9618745437,50,66.7011933331,2024-07
synthetic-P0004,2024-08-01,14.8121608671,61,65.0015990072,2024-08
synthetic-P0004,2024-09-01,15.9841444243,12,67.7583371680,2024-09
synthetic-P0004,2024-10-01,15.8867893591,23,67.8455756741,2024-10
synthetic-P0004,2024-11-01,15.0959677043,34,66.4601226240,2024-11
synthetic-P0004,2024-12-01,11.4511633937,45,59.6493695317,2024-12
synthetic-P0005,2024-01-01,15.2001100850,51,64.5413627224,2024-01
synthetic-P0005,2024-02-01,10.3349769419,62,54.6643256564,2024-02
synthetic-P0005,2024-03-01,14.3637673648,13,63.3665738278,2024-03
synthetic-P0005,2024-04-01,,24,57.5516979891,2024-04
synthetic-P0005,2024-05-01,14.0096555318,35,63.1550915229,2024-05
synthetic-P0005,2024-06-01,13.5687756686,46,62.7694467603,2024-06
synthetic-P0005,2024-07-01,14.5682308420,57,64.9744042430,2024-07
synthetic-P0005,2024-08-01,14.9782497068,8,65.8315664496,2024-08
synthetic-P0005,2024-09-01,15.7332299171,19,68.0112152596,2024-09
synthetic-P0005,2024-10-01,11.5762941328,30,59.7826665026,2024-10
synthetic-P0005,2024-11-01,16.4125397988,41,69.8470431290,2024-11
synthetic-P0005,2024-12-01,14.7101733550,52,66.2377491977,2024-12
synthetic-P0006,2024-01-01,13.5078652656,58,61.3573765837,2024-01
synthetic-P0006,2024-02-01,12.8422692149,9,60.1550045809,2024-02
synthetic-P0006,2024-03-01,13.2731028638,20,61.6874930131,2024-03
synthetic-P0006,2024-04-01,,31,59.6729529612,2024-04
synthetic-P0006,2024-05-01,14.0181229220,42,63.7049011551,2024-05
synthetic-P0006,2024-06-01,14.1357408444,53,64.2950076436,2024-06
synthetic-P0006,2024-07-01,15.6184935784,64,67.8680403714,2024-07
synthetic-P0006,2024-08-01,14.2780341160,15,65.1570650354,2024-08
synthetic-P0006,2024-09-01,13.3321658493,26,63.4547544219,2024-09
synthetic-P0006,2024-10-01,14.2569119050,37,66.0802794414,2024-10
synthetic-P0006,2024-11-01,15.4575466059,48,68.6389642385,2024-11
synthetic-P0006,2024-12-01,16.9930574034,59,71.6608432276,2024-12
synthetic-P0007,2024-01-01,12.0690483381,5,59.0894346576,2024-01
synthetic-P0007,2024-02-01,15.4250202303,16,66.1389279591,2024-02
synthetic-P0007,2024-03-01,15.7091652432,27,67.5037722728,2024-03
synthetic-P0007,2024-04-01,,38,67.4944542720,2024-04
synthetic-P0007,2024-05-01,12.6502797273,49,61.4768017439,2024-05
synthetic-P0007,2024-06-01,14.5420400089,60,65.7468128596,2024-06
synthetic-P0007,2024-07-01,11.0068809749,11,59.2276374333,2024-07
synthetic-P0007,2024-08-01,15.2536339587,22,67.8335833669,2024-08
synthetic-P0007,2024-09-01,13.9059811304,33,65.6769372067,2024-09
synthetic-P0007,2024-10-01,13.3501276147,44,64.5081640380,2024-10
synthetic-P0007,2024-11-01,13.7557070020,55,65.8346775769,2024-11
synthetic-P0007,2024-12-01,16.9143455358,6,72.5982990210,2024-12
synthetic-P0008,2024-01-01,15.0342934217,12,65.8543906089,2024-01
synthetic-P0008,2024-02-01,15.8096686885,23,67.7140545772,2024-02
synthetic-P0008,2024-03-01,12.1197067842,34,60.4123276808,2024-03
synthetic-P0008,2024-04-01,,45,64.7336770231,2024-04
synthetic-P0008,2024-05-01,16.3661820085,56,69.4794486818,2024-05
synthetic-P0008,2024-06-01,16.1298943776,7,69.9875381871,2024-06
synthetic-P0008,2024-07-01,15.2988989427,18,68.2767245482,2024-07
synthetic-P0008,2024-08-01,15.8490195641,29,69.5082947558,2024-08
synthetic-P0008,2024-09-01,16.7141587342,40,72.0544410781,2024-09
synthetic-P0008,2024-10-01,15.6114738655,51,70.0723774836,2024-10
synthetic-P0008,2024-11-01,17.0894164173,62,73.0983234946,2024-11
synthetic-P0008,2024-12-01,13.2171739270,13,65.9734570551,2024-12
synthetic-P0009,2024-01-01,13.7760732609,19,64.3763579484,2024-01
synthetic-P0009,2024-02-01,11.8174375593,30,60.2561230567,2024-02
synthetic-P0009,2024-03-01,15.0550185272,41,67.6256782453,2024-03
synthetic-P0009,2024-04-01,,52,62.0100679834,2024-04
synthetic-P0009,2024-05-01,11.3975586998,63,60.3615274420,2024-05
synthetic-P0009,2024-06-01,12.3070908513,14,62.3904764974,2024-06
synthetic-P0009,2024-07-01,10.8505240435,25,60.0229556966,2024-07
synthetic-P0009,2024-08-01,14.5014704477,36,67.8040826693,2024-08
synthetic-P0009,2024-09-01,13.6602212966,47,65.9380810060,2024-09
synthetic-P0009,2024-10-01,14.0234169152,58,67.5621469757,2024-10
synthetic-P0009,2024-11-01,16.0328306213,9,71.3174159165,2024-11
synthetic-P0009,2024-12-01,12.0399949735,20,63.7013112053,2024-12
synthetic-P0010,2024-01-01,13.3198864698,26,64.2934085572,2024-01
synthetic-P0010,2024-02-01,15.4187845714,37,68.4290855411,2024-02
synthetic-P0010,2024-03-01,15.3340798116,48,68.9361288173,2024-03
synthetic-P0010,2024-04-01,,59,69.8557159496,2024-04
synthetic-P0010,2024-05-01,16.3662692328,10,71.3958254668,2024-05
synthetic-P0010,2024-06-01,11.0850966696,21,61.3584507015,2024-06
synthetic-P0010,2024-07-01,12.9828504055,32,64.8305004222,2024-07
synthetic-P0010,2024-08-01,13.9068923089,43,67.5530817586,2024-08
synthetic-P0010,2024-09-01,14.2670158202,54,68.4776980797,2024-09
synthetic-P0010,2024-10-01,13.8160682266,5,67.4390611359,2024-10
synthetic-P0010,2024-11-01,15.8212057412,16,71.8934719593,2024-11
synthetic-P0010,2024-12-01,14.9364150068,27,70.3550726401,2024-12
synthetic-P0011,2024-01-01,12.9164636029,33,63.6655057256,2024-01
synthetic-P0011,2024-02-01,11.4909057836,44,61.0363191893,2024-02
synthetic-P0011,2024-03-01,11.1045545263,55,61.1260298941,2024-03
synthetic-P0011,2024-04-01,,6,64.0885858928,2024-04
synthetic-P0011,2024-05-01,14.7017029378,17,68.5897246101,2024-05
synthetic-P0011,2024-06-01,13.6153518084,28,66.8014412501,2024-06
synthetic-P0011,2024-07-01,12.7296147048,39,64.8695309184,2024-07
synthetic-P0011,2024-08-01,14.9964850506,50,69.7477463597,2024-08
synthetic-P0011,2024-09-01,11.8745384948,61,64.5067682766,2024-09
synthetic-P0011,2024-10-01,12.8611053481,12,66.1339190205,2024-10
synthetic-P0011,2024-11-01,13.3397328766,23,67.4299599363,2024-11
synthetic-P0011,2024-12-01,12.1014396814,34,65.7951796363,2024-12
synthetic-P0012,2024-01-01,10.1413032049,40,59.0809666196,2024-01
synthetic-P0012,2024-02-01,14.7953219407,51,68.4159619331,2024-02
synthetic-P0012,2024-03-01,13.2752652642,62,65.4593485867,2024-03
synthetic-P0012,2024-04-01,,13,69.2099195154,2024-04
synthetic-P0012,2024-05-01,15.9942963995,24,72.2606469785,2024-05
synthetic-P0012,2024-06-01,11.7178551410,35,63.3842482688,2024-06
synthetic-P0012,2024-07-01,13.6451818751,46,68.1629321308,2024-07
synthetic-P0012,2024-08-01,11.7169888623,57,64.1356456872,2024-08
synthetic-P0012,2024-09-01,15.6136288335,8,72.2171544507,2024-09
synthetic-P0012,2024-10-01,15.6936683626,19,72.6713550038,2024-10
synthetic-P0012,2024-11-01,14.6497198241,30,71.3131908478,2024-11
synthetic-P0012,2024-12-01,14.4642525750,41,71.1933548034,2024-12
synthetic-P0013,2024-01-01,11.2120618050,47,61.6791866543,2024-01
synthetic-P0013,2024-02-01,10.9693962388,58,61.6171231114,2024-02
synthetic-P0013,2024-03-01,15.0561018840,9,70.1501248488,2024-03
synthetic-P0013,2024-04-01,,20,72.9896725876,2024-04
synthetic-P0013,2024-05-01,11.6960001976,31,63.6294905104,2024-05
synthetic-P0013,2024-06-01,13.8070791706,42,68.3062974801,2024-06
synthetic-P0013,2024-07-01,11.8052465727,53,64.8080791479,2024-07
synthetic-P0013,2024-08-01,12.2266987585,64,66.2125889927,2024-08
synthetic-P0013,2024-09-01,13.1833136606,15,68.3342486892,2024-09
synthetic-P0013,2024-10-01,14.5012628207,26,71.2692064968,2024-10
synthetic-P0013,2024-11-01,17.4332312140,37,77.3942072837,2024-11
synthetic-P0013,2024-12-01,17.5568994121,48,77.8812726773,2024-12
synthetic-P0014,2024-01-01,15.8162392450,54,72.1255122651,2024-01
synthetic-P0014,2024-02-01,12.0181445601,5,64.3645509457,2024-02
synthetic-P0014,2024-03-01,12.4816622768,16,66.0382588477,2024-03
synthetic-P0014,2024-04-01,,27,67.2938192133,2024-04
synthetic-P0014,2024-05-01,11.7264451214,38,64.6394783295,2024-05
synthetic-P0014,2024-06-01,15.0162991215,49,71.6548606185,2024-06
synthetic-P0014,2024-07-01,16.9111094240,60,76.1203451346,2024-07
synthetic-P0014,2024-08-01,14.0387590624,11,69.9975271867,2024-08
synthetic-P0014,2024-09-01,13.6349151608,22,69.3980516729,2024-09
synthetic-P0014,2024-10-01,16.7431323991,33,76.3571670297,2024-10
synthetic-P0014,2024-11-01,15.3895315539,44,73.6547809023,2024-11
synthetic-P0014,2024-12-01,15.8549753812,55,75.0695312061,2024-12
synthetic-P0015,2024-01-01,15.8949705953,61,72.6863166188,2024-01
synthetic-P0015,2024-02-01,14.2703308417,12,69.5629648898,2024-02
synthetic-P0015,2024-03-01,15.3422291773,23,72.0958460047,2024-03
synthetic-P0015,2024-04-01,,34,71.4756753459,2024-04
synthetic-P0015,2024-05-01,12.8576498290,45,67.9525086905,2024-05
synthetic-P0015,2024-06-01,11.8813751490,56,65.7005303369,2024-06
synthetic-P0015,2024-07-01,13.9915153802,7,70.9144804513,2024-07
synthetic-P0015,2024-08-01,14.0252106730,18,70.8874941641,2024-08
synthetic-P0015,2024-09-01,17.3025143223,29,77.8082203867,2024-09
synthetic-P0015,2024-10-01,15.5281968276,40,74.4057907653,2024-10
synthetic-P0015,2024-11-01,15.2581722370,51,74.6840650420,2024-11
synthetic-P0015,2024-12-01,13.7587434232,62,71.5226789996,2024-12
synthetic-P0016,2024-01-01,15.5463842703,8,72.8101924666,2024-01
synthetic-P0016,2024-02-01,12.6081214174,19,66.8453852311,2024-02
synthetic-P0016,2024-03-01,15.1538076686,30,72.2129471394,2024-03
synthetic-P0016,2024-04-01,,41,74.1418866468,2024-04
synthetic-P0016,2024-05-01,11.9079703254,52,66.8191382443,2024-05
synthetic-P0016,2024-06-01,16.7677020618,63,76.9281071665,2024-06
synthetic-P0016,2024-07-01,11.8060485938,14,66.5924096527,2024-07
synthetic-P0016,2024-08-01,13.6643247773,25,70.6722592345,2024-08
synthetic-P0016,2024-09-01,16.8597571378,36,77.5436507111,2024-09
synthetic-P0016,2024-10-01,14.8899483313,47,73.9321000669,2024-10
synthetic-P0016,2024-11-01,16.8338347194,58,78.4504420257,2024-11
synthetic-P0016,2024-12-01,14.8402034662,9,74.1843426070,2024-12
synthetic-P0017,2024-01-01,13.1688957139,15,68.2034851321,2024-01
synthetic-P0017,2024-02-01,16.0791824101,26,74.7391764895,2024-02
synthetic-P0017,2024-03-01,14.1879813143,37,71.5474021308,2024-03
synthetic-P0017,2024-04-01,,48,75.8702702808,2024-04
synthetic-P0017,2024-05-01,11.5924606174,59,66.3777090541,2024-05
synthetic-P0017,2024-06-01,11.8492162352,10,67.3624976341,2024-06
synthetic-P0017,2024-07-01,14.1362546038,21,72.6004093330,2024-07
synthetic-P0017,2024-08-01,16.9653258539,32,78.4152726974,2024-08
synthetic-P0017,2024-09-01,16.4560732461,43,77.6933092301,2024-09
synthetic-P0017,2024-10-01,16.8375377839,54,78.7193382753,2024-10
synthetic-P0017,2024-11-01,13.4654542634,5,71.9287258660,2024-11
synthetic-P0017,2024-12-01,14.5216125170,16,74.4358364529,2024-12
synthetic-P0018,2024-01-01,15.5337431983,22,73.7945769073,2024-01
synthetic-P0018,2024-02-01,11.4268989779,33,66.0012617738,2024-02
synthetic-P0018,2024-03-01,11.0830512334,44,65.4756611794,2024-03
synthetic-P0018,2024-04-01,,55,70.5925858708,2024-04
synthetic-P0018,2024-05-01,12.9215153907,6,70.0799933717,2024-05
synthetic-P0018,2024-06-01,12.7366163893,17,69.6035709478,2024-06
synthetic-P0018,2024-07-01,15.5715959219,28,75.6665913480,2024-07
synthetic-P0018,2024-08-01,14.6665060905,39,73.9730149956,2024-08
synthetic-P0018,2024-09-01,14.6468944288,50,74.8516405438,2024-09
synthetic-P0018,2024-10-01,17.0760687082,61,79.9183843088,2024-10
synthetic-P0018,2024-11-01,12.2225171298,12,69.9845219987,2024-11
synthetic-P0018,2024-12-01,15.8318166273,23,78.0219759299,2024-12
synthetic-P0019,2024-01-01,11.2507444584,29,66.1672510797,2024-01
synthetic-P0019,2024-02-01,13.9021062926,40,72.0786110146,2024-02
synthetic-P0019,2024-03-01,12.9461391321,51,70.1760755586,2024-03
synthetic-P0019,2024-04-01,,62,75.8231967862,2024-04
synthetic-P0019,2024-05-01,14.0399098995,13,72.5919489633,2024-05
synthetic-P0019,2024-06-01,15.0680820843,24,75.2013120140,2024-06
synthetic-P0019,2024-07-01,13.3702624899,35,72.3227338573,2024-07
synthetic-P0019,2024-08-01,15.3385268369,46,75.9963519880,2024-08
synthetic-P0019,2024-09-01,15.3025763011,57,76.2119432273,2024-09
synthetic-P0019,2024-10-01,14.3422302285,8,74.7756694930,2024-10
synthetic-P0019,2024-11-01,12.8268343302,19,72.3150865235,2024-11
synthetic-P0019,2024-12-01,18.1185620698,30,82.9653864614,2024-12
synthetic-P0020,2024-01-01,12.2884302755,36,68.6565146290,2024-01
synthetic-P0020,2024-02-01,11.2855963428,47,67.2821124195,2024-02
synthetic-P0020,2024-03-01,13.1180975794,58,71.2134808054,2024-03
synthetic-P0020,2024-04-01,,9,77.8096534300,2024-04
synthetic-P0020,2024-05-01,11.4821922866,20,68.2292943034,2024-05
synthetic-P0020,2024-06-01,13.7893478827,31,73.0844677580,2024-06
synthetic-P0020,2024-07-01,14.3222368683,42,74.7832009489,2024-07
synthetic-P0020,2024-08-01,16.0963957550,53,78.4784389704,2024-08
synthetic-P0020,2024-09-01,16.4164736461,64,79.1923097659,2024-09
synthetic-P0020,2024-10-01,14.2565222022,15,75.3077186954,2024-10
synthetic-P0020,2024-11-01,17.7978635306,26,83.0191247892,2024-11
synthetic-P0020,2024-12-01,13.8154941207,37,75.4224276743,2024-12
synthetic-P0021,2024-01-01,13.0074624214,43,71.1592998297,2024-01
synthetic-P0021,2024-02-01,13.8963556061,54,73.3040987456,2024-02
synthetic-P0021,2024-03-01,13.4422014819,5,72.3229100941,2024-03
synthetic-P0021,2024-04-01,,16,79.7374549058,2024-04
synthetic-P0021,2024-05-01,13.4641708995,27,72.9286146983,2024-05
synthetic-P0021,2024-06-01,13.5294060980,38,73.4728389312,2024-06
synthetic-P0021,2024-07-01,13.6743219324,49,73.9329635589,2024-07
synthetic-P0021,2024-08-01,16.0989386940,60,79.3119028088,2024-08
synthetic-P0021,2024-09-01,14.5598275554,11,76.8297434087,2024-09
synthetic-P0021,2024-10-01,17.8939962031,22,83.3492166660,2024-10
synthetic-P0021,2024-11-01,17.7186804114,33,83.3579364168,2024-11
synthetic-P0021,2024-12-01,15.7953049277,44,79.8863680060,2024-12
synthetic-P0022,2024-01-01,12.4738824811,50,70.8919408406,2024-01
synthetic-P0022,2024-02-01,16.5223981400,61,78.7000625171,2024-02
synthetic-P0022,2024-03-01,13.1667016615,12,72.7110616915,2024-03
synthetic-P0022,2024-04-01,,23,74.7644985457,2024-04
synthetic-P0022,2024-05-01,17.0540776200,34,80.6983553690,2024-05
synthetic-P0022,2024-06-01,16.1951070247,45,79.6397848249,2024-06
synthetic-P0022,2024-07-01,15.6337185671,56,78.9537974502,2024-07
synthetic-P0022,2024-08-01,12.1897416247,7,72.4918946823,2024-08
synthetic-P0022,2024-09-01,13.4122109965,18,74.7238103794,2024-09
synthetic-P0022,2024-10-01,14.7640238215,29,78.3227949285,2024-10
synthetic-P0022,2024-11-01,15.6396816854,40,79.9884364409,2024-11
synthetic-P0022,2024-12-01,14.6590711540,51,78.3271408287,2024-12
synthetic-P0023,2024-01-01,16.4179485733,57,79.0003119939,2024-01
synthetic-P0023,2024-02-01,16.7884509486,8,80.3960575846,2024-02
synthetic-P0023,2024-03-01,13.5168796616,19,74.1755466696,2024-03
synthetic-P0023,2024-04-01,,30,78.6303758219,2024-04
synthetic-P0023,2024-05-01,16.8342150402,41,81.4446073242,2024-05
synthetic-P0023,2024-06-01,13.7475128207,52,75.4839060832,2024-06
synthetic-P0023,2024-07-01,14.2261875271,63,76.7646388000,2024-07
synthetic-P0023,2024-08-01,13.4073827233,14,75.1108464255,2024-08
synthetic-P0023,2024-09-01,17.3975505272,25,83.3655569081,2024-09
synthetic-P0023,2024-10-01,17.8247920094,36,84.3592759467,2024-10
synthetic-P0023,2024-11-01,13.5388940152,47,76.8138305727,2024-11
synthetic-P0023,2024-12-01,18.4491196131,58,86.5541286800,2024-12
synthetic-P0024,2024-01-01,11.7671044495,64,70.9626778653,2024-01
synthetic-P0024,2024-02-01,13.6951107627,15,74.4296659549,2024-02
synthetic-P0024,2024-03-01,13.1303325697,26,73.9706881067,2024-03
synthetic-P0024,2024-04-01,,37,80.0435495815,2024-04
synthetic-P0024,2024-05-01,13.6563789065,48,75.7286929849,2024-05
synthetic-P0024,2024-06-01,14.8658546842,59,78.3396326191,2024-06
synthetic-P0024,2024-07-01,13.2113205931,10,75.4047181910,2024-07
synthetic-P0024,2024-08-01,14.6564938120,21,78.8816927347,2024-08
synthetic-P0024,2024-09-01,16.9571430886,32,83.5659534022,2024-09
synthetic-P0024,2024-10-01,16.7715456170,43,83.1645379708,2024-10
synthetic-P0024,2024-11-01,14.9784821040,54,79.9936207093,2024-11
synthetic-P0024,2024-12-01,15.0564234340,5,80.2403726771,2024-12
synthetic-P0025,2024-01-01,13.0605081742,11,74.2706263070,2024-01
synthetic-P0025,2024-02-01,12.4517971757,22,72.6727367049,2024-02
synthetic-P0025,2024-03-01,15.6364424001,33,79.6303387725,2024-03
synthetic-P0025,2024-04-01,,44,77.3627873809,2024-04
synthetic-P0025,2024-05-01,17.2804746709,55,83.2415989660,2024-05
synthetic-P0025,2024-06-01,14.2482292063,6,78.1601070056,2024-06
synthetic-P0025,2024-07-01,16.9339640432,17,83.3072267217,2024-07
synthetic-P0025,2024-08-01,15.3400632265,28,80.1831495654,2024-08
synthetic-P0025,2024-09-01,14.9385946766,39,80.3380105313,2024-09
synthetic-P0025,2024-10-01,15.2402407837,50,80.6786975764,2024-10
synthetic-P0025,2024-11-01,17.4434139352,61,85.5164278325,2024-11
synthetic-P0025,2024-12-01,13.6874162276,12,78.6977282408,2024-12
synthetic-P0026,2024-01-01,14.6282202510,18,78.1160756002,2024-01
synthetic-P0026,2024-02-01,11.5717604132,29,71.9829228014,2024-02
synthetic-P0026,2024-03-01,15.1539410384,40,79.4108575107,2024-03
synthetic-P0026,2024-04-01,,51,76.8207288327,2024-04
synthetic-P0026,2024-05-01,16.1878060603,62,82.4617741428,2024-05
synthetic-P0026,2024-06-01,17.0485773607,13,83.8853882783,2024-06
synthetic-P0026,2024-07-01,16.7353789529,24,84.1576506406,2024-07
synthetic-P0026,2024-08-01,13.5372557355,35,77.4989208571,2024-08
synthetic-P0026,2024-09-01,12.5944787949,46,75.8680346421,2024-09
synthetic-P0026,2024-10-01,13.2891775432,57,77.6573763758,2024-10
synthetic-P0026,2024-11-01,13.5881481180,8,78.3682146066,2024-11
synthetic-P0026,2024-12-01,13.7063833566,19,79.2682932184,2024-12
synthetic-P0027,2024-01-01,15.8826693767,25,80.6912306904,2024-01
synthetic-P0027,2024-02-01,13.0445896535,36,75.8543381696,2024-02
synthetic-P0027,2024-03-01,17.0867471406,47,84.1232636979,2024-03
synthetic-P0027,2024-04-01,,58,84.0769657812,2024-04
synthetic-P0027,2024-05-01,15.6424435220,9,81.9862670763,2024-05
synthetic-P0027,2024-06-01,13.1746038365,20,77.3810792671,2024-06
synthetic-P0027,2024-07-01,14.0057450133,31,79.3493234402,2024-07
synthetic-P0027,2024-08-01,18.0195396014,42,87.6928737671,2024-08
synthetic-P0027,2024-09-01,15.3900020130,53,82.5175385448,2024-09
synthetic-P0027,2024-10-01,17.5308966506,64,86.7241485742,2024-10
synthetic-P0027,2024-11-01,15.9647233521,15,83.8344791371,2024-11
synthetic-P0027,2024-12-01,13.1345206372,26,78.7437019391,2024-12
synthetic-P0028,2024-01-01,15.9820978769,32,81.7629922375,2024-01
synthetic-P0028,2024-02-01,17.1262679651,43,84.6532575023,2024-02
synthetic-P0028,2024-03-01,14.3278913716,54,79.4203420955,2024-03
synthetic-P0028,2024-04-01,,5,83.2639875173,2024-04
synthetic-P0028,2024-05-01,14.8583034670,16,80.9022104153,2024-05
synthetic-P0028,2024-06-01,17.2646359571,27,86.0285178396,2024-06
synthetic-P0028,2024-07-01,17.5910223433,38,87.0014030093,2024-07
synthetic-P0028,2024-08-01,14.1443294638,49,80.6047977588,2024-08
synthetic-P0028,2024-09-01,17.7102088607,60,87.7746680612,2024-09
synthetic-P0028,2024-10-01,18.0357639546,11,88.4440862367,2024-10
synthetic-P0028,2024-11-01,13.8234313249,22,80.3049148910,2024-11
synthetic-P0028,2024-12-01,16.8921722270,33,87.2861360911,2024-12
synthetic-P0029,2024-01-01,12.3226557795,39,75.6210463875,2024-01
synthetic-P0029,2024-02-01,14.8128039458,50,80.2521126436,2024-02
synthetic-P0029,2024-03-01,12.5474376337,61,76.4883217225,2024-03
synthetic-P0029,2024-04-01,,12,79.7450070926,2024-04
synthetic-P0029,2024-05-01,17.8075005885,23,87.1771549333,2024-05
synthetic-P0029,2024-06-01,14.2328331708,34,80.1768897249,2024-06
synthetic-P0029,2024-07-01,12.4368400685,45,76.8783179970,2024-07
synthetic-P0029,2024-08-01,14.0789735988,56,80.5491732450,2024-08
synthetic-P0029,2024-09-01,15.9789863783,7,85.2541166227,2024-09
synthetic-P0029,2024-10-01,15.3885749610,18,83.8793891951,2024-10
synthetic-P0029,2024-11-01,14.3493745159,29,82.3564923863,2024-11
synthetic-P0029,2024-12-01,13.9480885244,40,81.9146980790,2024-12
synthetic-P0030,2024-01-01,13.9260568734,46,78.9502695376,2024-01
synthetic-P0030,2024-02-01,14.8295187530,57,80.8631443753,2024-02
synthetic-P0030,2024-03-01,13.5535347189,8,79.3860484767,2024-03
synthetic-P0030,2024-04-01,,19,86.0470834217,2024-04
synthetic-P0030,2024-05-01,15.6524529044,30,83.9018794618,2024-05
synthetic-P0030,2024-06-01,16.9650212786,41,86.5469241696,2024-06
synthetic-P0030,2024-07-01,15.3988762047,52,84.2150311540,2024-07
synthetic-P0030,2024-08-01,18.3126135153,63,89.8015186227,2024-08
synthetic-P0030,2024-09-01,15.7922566330,14,85.5574381045,2024-09
synthetic-P0030,2024-10-01,13.4821880996,25,81.1035309396,2024-10
synthetic-P0030,2024-11-01,15.6987297165,36,85.7454924781,2024-11
synthetic-P0030,2024-12-01,15.0540557783,47,84.8211157024,2024-12
synthetic-P0031,2024-01-01,15.7065265062,53,83.1515796398,2024-01
synthetic-P0031,2024-02-01,11.8058356758,64,75.5503215059,2024-02
synthetic-P0031,2024-03-01,14.3117244994,15,81.2787304695,2024-03
synthetic-P0031,2024-04-01,,26,81.1725915732,2024-04
synthetic-P0031,2024-05-01,15.0482322722,37,83.6350432298,2024-05
synthetic-P0031,2024-06-01,13.9663274881,48,81.6405949067,2024-06
synthetic-P0031,2024-07-01,16.0995672663,59,86.1624641230,2024-07
synthetic-P0031,2024-08-01,18.1618438856,10,90.5648115718,2024-08
synthetic-P0031,2024-09-01,14.3638459309,21,83.3691203421,2024-09
synthetic-P0031,2024-10-01,15.9575097576,32,86.4067790758,2024-10
synthetic-P0031,2024-11-01,18.9891504260,43,92.8205995390,2024-11
synthetic-P0031,2024-12-01,19.2198886271,54,93.9761311043,2024-12
synthetic-P0032,2024-01-01,15.2451049766,60,83.1928255087,2024-01
synthetic-P0032,2024-02-01,11.8947173382,11,76.3989580737,2024-02
synthetic-P0032,2024-03-01,14.2686058319,22,81.6824614584,2024-03
synthetic-P0032,2024-04-01,,33,85.2996086199,2024-04
synthetic-P0032,2024-05-01,14.1932978923,44,82.6362051093,2024-05
synthetic-P0032,2024-06-01,16.3130372198,55,86.8527661955,2024-06
synthetic-P0032,2024-07-01,13.0677842679,6,80.7982544461,2024-07
synthetic-P0032,2024-08-01,14.3098896200,17,83.6315261427,2024-08
synthetic-P0032,2024-09-01,16.2457633829,28,87.9471207794,2024-09
synthetic-P0032,2024-10-01,18.3936732529,39,92.1393392014,2024-10
synthetic-P0032,2024-11-01,14.1771289748,50,84.2114956392,2024-11
synthetic-P0032,2024-12-01,14.5097459959,61,84.9512229621,2024-12
synthetic-P0033,2024-01-01,14.3195743535,7,82.2910619171,2024-01
synthetic-P0033,2024-02-01,17.2423397059,18,88.1710768913,2024-02
synthetic-P0033,2024-03-01,12.9320951224,29,79.9760685912,2024-03
synthetic-P0033,2024-04-01,,40,82.4950242168,2024-04
synthetic-P0033,2024-05-01,14.3854400752,51,83.3756374333,2024-05
synthetic-P0033,2024-06-01,16.5662152881,62,87.8044218151,2024-06
synthetic-P0033,2024-07-01,17.6042342192,13,90.7334248433,2024-07
synthetic-P0033,2024-08-01,15.7449390395,24,86.6490917403,2024-08
synthetic-P0033,2024-09-01,17.4948219355,35,91.0997513530,2024-09
synthetic-P0033,2024-10-01,15.6634293363,46,87.0765101876,2024-10
synthetic-P0033,2024-11-01,14.5328404758,57,85.3082128197,2024-11
synthetic-P0033,2024-12-01,15.4102119673,8,87.8312037502,2024-12
synthetic-P0034,2024-01-01,12.5005470097,14,79.0194481891,2024-01
synthetic-P0034,2024-02-01,16.0338822351,25,86.4017588941,2024-02
synthetic-P0034,2024-03-01,15.8166371951,36,86.4317355161,2024-03
synthetic-P0034,2024-04-01,,47,88.2968407622,2024-04
synthetic-P0034,2024-05-01,12.5877115569,58,80.7943852998,2024-05
synthetic-P0034,2024-06-01,16.5807880956,9,88.4408132110,2024-06
synthetic-P0034,2024-07-01,15.5512380929,20,87.1352726463,2024-07
synthetic-P0034,2024-08-01,17.4670140617,31,91.4348319140,2024-08
synthetic-P0034,2024-09-01,15.4339365411,42,87.2789615819,2024-09
synthetic-P0034,2024-10-01,18.1558051008,53,93.4180839651,2024-10
synthetic-P0034,2024-11-01,18.6456819352,64,94.7851457629,2024-11
synthetic-P0034,2024-12-01,16.8675514150,15,91.5175255516,2024-12
synthetic-P0035,2024-01-01,15.5048074431,21,86.0875280093,2024-01
synthetic-P0035,2024-02-01,14.3803573028,32,83.5970125308,2024-02
synthetic-P0035,2024-03-01,12.3008173889,43,80.0812974320,2024-03
synthetic-P0035,2024-04-01,,54,88.5913861170,2024-04
synthetic-P0035,2024-05-01,17.0577129733,5,89.8180078401,2024-05
synthetic-P0035,2024-06-01,15.3170027059,16,87.0405607772,2024-06
synthetic-P0035,2024-07-01,18.0757558842,27,92.9305640293,2024-07
synthetic-P0035,2024-08-01,15.0319735733,38,87.1960548405,2024-08
synthetic-P0035,2024-09-01,14.3090055488,49,85.5533729008,2024-09
synthetic-P0035,2024-10-01,17.0007406229,60,91.7524973058,2024-10
synthetic-P0035,2024-11-01,16.5473760825,11,90.5986577180,2024-11
synthetic-P0035,2024-12-01,13.8115688248,22,85.9048271064,2024-12
synthetic-P0036,2024-01-01,15.4932315761,28,86.4914789143,2024-01
synthetic-P0036,2024-02-01,13.0876850810,39,81.7879025815,2024-02
synthetic-P0036,2024-03-01,17.5144295822,50,91.2717537809,2024-03
synthetic-P0036,2024-04-01,,61,88.3750048613,2024-04
synthetic-P0036,2024-05-01,17.2652075577,12,91.4828805495,2024-05
synthetic-P0036,2024-06-01,14.7301218898,23,86.6595900884,2024-06
synthetic-P0036,2024-07-01,13.5007000177,34,84.5439731379,2024-07
synthetic-P0036,2024-08-01,15.3540000701,45,88.2208827235,2024-08
synthetic-P0036,2024-09-01,16.5730771244,56,90.7826507628,2024-09
synthetic-P0036,2024-10-01,13.9272960078,7,86.2341232014,2024-10
synthetic-P0036,2024-11-01,16.5715601252,18,91.2500699853,2024-11
synthetic-P0036,2024-12-01,16.9961935211,29,92.9865585894,2024-12
synthetic-P0037,2024-01-01,16.6281644420,35,89.7268352223,2024-01
synthetic-P0037,2024-02-01,15.0112738489,46,86.2158466161,2024-02
synthetic-P0037,2024-03-01,13.5354754437,57,84.0598920730,2024-03
synthetic-P0037,2024-04-01,,8,91.9491302184,2024-04
synthetic-P0037,2024-05-01,13.2143516100,19,83.4893767046,2024-05
synthetic-P0037,2024-06-01,15.5582954628,30,89.1287408777,2024-06
synthetic-P0037,2024-07-01,14.0323307626,41,86.3794808221,2024-07
synthetic-P0037,2024-08-01,14.6164660160,52,87.7846401999,2024-08
synthetic-P0037,2024-09-01,16.7347050331,63,91.8943619117,2024-09
synthetic-P0037,2024-10-01,17.0843185300,14,93.3441147045,2024-10
synthetic-P0037,2024-11-01,19.2619772278,25,97.5545636458,2024-11
synthetic-P0037,2024-12-01,19.5786238856,36,98.6811263293,2024-12
synthetic-P0038,2024-01-01,17.8998132446,42,92.5432387758,2024-01
synthetic-P0038,2024-02-01,13.3618142663,53,83.7402817217,2024-02
synthetic-P0038,2024-03-01,13.8180940347,64,84.8062786719,2024-03
synthetic-P0038,2024-04-01,,15,83.7300675015,2024-04
synthetic-P0038,2024-05-01,13.4371909199,26,84.9944370138,2024-05
synthetic-P0038,2024-06-01,16.9738671169,37,92.4243807983,2024-06
synthetic-P0038,2024-07-01,17.7004208611,48,94.2859951799,2024-07
synthetic-P0038,2024-08-01,18.0340258973,59,95.3878735428,2024-08
synthetic-P0038,2024-09-01,17.2981770738,10,94.0409046734,2024-09
synthetic-P0038,2024-10-01,13.9723057658,21,87.2284408277,2024-10
synthetic-P0038,2024-11-01,18.5906137214,32,96.7894231953,2024-11
synthetic-P0038,2024-12-01,19.1657154613,43,98.3362240064,2024-12
synthetic-P0039,2024-01-01,17.9235828594,49,93.1061836982,2024-01
synthetic-P0039,2024-02-01,15.6616903366,60,89.2916535651,2024-02
synthetic-P0039,2024-03-01,14.9603856417,11,88.0666232193,2024-03
synthetic-P0039,2024-04-01,,22,87.1502341456,2024-04
synthetic-P0039,2024-05-01,17.7465125211,33,94.5925961971,2024-05
synthetic-P0039,2024-06-01,14.2062344002,44,87.7774754921,2024-06
synthetic-P0039,2024-07-01,18.9650439884,55,97.6375055578,2024-07
synthetic-P0039,2024-08-01,17.8744897818,6,95.7807927990,2024-08
synthetic-P0039,2024-09-01,17.6508103835,17,95.4145828282,2024-09
synthetic-P0039,2024-10-01,17.1831414548,28,94.4785183707,2024-10
synthetic-P0039,2024-11-01,14.5319949953,39,89.5146182259,2024-11
synthetic-P0039,2024-12-01,19.3747216225,50,99.4502114014,2024-12
